seq_index,nt_sequence,aa_sequence,gene_choice_v,gene_choice_j
0,TGCAGTGCTAGTGGGTACGGAGGCTCTGGGGCCAACGTCCTGACTTTC,CSASGYGGSGANVLTF,TRBV20-1*01,TRBJ2-6*01
1,TGTGCCAGCAGCTTAGCCGCAGGGGGGTCAAGGAGCTACGAGCAGTACTTC,CASSLAAGGSRSYEQYF,TRBV11-2*01,TRBJ2-7*01
2,TGCGCCAGCAGCTTATGGGACAGGTCGTTTAGCTATGGCTACACCTTC,CASSLWDRSFSYGYTF,TRBV5-1*01,TRBJ1-2*01
3,TGTGCCAGCAGCGAAAGCAGGACTCCGGCCTCCTACAATGAGCAGTTCTTC,CASSESRTPASYNEQFF,TRBV5-4*02,TRBJ2-1*01
4,TGTGCCACCAGTGACAGGATCCAAGAGACCCAGTACTTC,CATSDRIQETQYF,TRBV24-1*01,TRBJ2-5*01
5,TGTGCCAGCAGCGTAAATAAGCGGGGCTCTGGGGCCAACGTCCTGACTTTC,CASSVNKRGSGANVLTF,TRBV7-9*04,TRBJ2-6*01
6,TGTGCCAGCAGAGGCCCCCGACAGGGGGCCACTGAAGCTTTCTTT,CASRGPRQGATEAFF,TRBV12-4*01,TRBJ1-1*01
7,TGTGCCACCAGTGACGTTGGAACGGGACTAGCGGGGAGGCCGCCATCCTACGAGCAGTACTTC,CATSDVGTGLAGRPPSYEQYF,TRBV24-1*01,TRBJ2-7*01
8,TGTGCCAGGTTCGGTCGTAGGGGATGGCGAAACATTCAGTACTTC,CARFGRRGWRNIQYF,TRBV27*01,TRBJ2-4*01
9,TGTGCCAACGACCGGACAGGGGGTGAGGATAACACTGAAGCTTTCTTT,CANDRTGGEDNTEAFF,TRBV10-3*01,TRBJ1-1*01
10,TGCGCCAGCAGTGAGTCGCCATCCCGGGGGGACAGGGGGAATATAAATCACTTCGGCATCCGGGAATACGAGCAGTACTTC,CASSESPSRGDRGNINHFGIREYEQYF,TRBV10-2*01,TRBJ2-7*01
11,TGTGCCTGGACTACGAGATTGGGCTACACCTTC,CAWTTRLGYTF,TRBV30*02,TRBJ1-2*01
12,TGCGCCATTTGCCGCGGACAGAATCAGCCCCAGCATTTT,CAICRGQNQPQHF,TRBV10-2*01,TRBJ1-5*01
13,TGTGCCTGGAGTGTATTGGACAGGCGGGCTGGCTACACCTTC,CAWSVLDRRAGYTF,TRBV30*01,TRBJ1-2*01
14,TGTGCCAGCTCACCACGGTCGGGGGGGGGAGACAATGAGCAGTTCTTC,CASSPRSGGGDNEQFF,TRBV18*01,TRBJ2-1*01
15,TGTGCCAGCAGCTTAATAGACTCCGCCCGGCCCTACAATGAGCAGTTCTTC,CASSLIDSARPYNEQFF,TRBV7-9*06,TRBJ2-1*01
16,TGTGCCAGCAGCAACCCGGGACTAGCGGGAGTGCCCTACGAGCAGTACTTC,CASSNPGLAGVPYEQYF,TRBV7-3*01,TRBJ2-7*01
17,TGTGCCAGCAGCTTGGACAGCTCTTCACCCCTCCACTTT,CASSLDSSSPLHF,TRBV5-6*01,TRBJ1-6*02
18,TGTGCCAGCAAAGAGGGGGGGGGACGATACGAGCAGTACTTC,CASKEGGGRYEQYF,TRBV6-5*01,TRBJ2-7*01
19,TGTGCCAGCAACGGGGGGGGCTCCTACAATGAGCAGTTCTTC,CASNGGGSYNEQFF,TRBV13*01,TRBJ2-1*01
20,TGCGCCAGCAGCTTGAACACATCTGAAAAACTGTTTTTT,CASSLNTSEKLFF,TRBV5-1*01,TRBJ1-4*01
21,TGTGCCAGCAGCCCGGGGACAGAGCACACTGAAGCTTTCTTT,CASSPGTEHTEAFF,TRBV7-4*01,TRBJ1-1*01
22,TGCGCCAGCAGCTTGGTCGGCAACCCGAGGGAGTCATACTTTAGCAATCAGCCCCAGCATTTT,CASSLVGNPRESYFSNQPQHF,TRBV5-1*01,TRBJ1-5*01
23,TGTGCCAGCAGTTATAACCTAGACAGGAAAGAGAACACTGAAGCTTTCTTT,CASSYNLDRKENTEAFF,TRBV6-5*01,TRBJ1-1*01
24,TGTGCCAGCAGAACAGGGGGGGCATTAGATGGCTACACCTTC,CASRTGGALDGYTF,TRBV7-3*01,TRBJ1-2*01
25,TGTGCCAGCAGTGACTCAGTGTACCAGCCAGGGTTGCTAGCCAAAAACATTCAGTACTTC,CASSDSVYQPGLLAKNIQYF,TRBV6-4*01,TRBJ2-4*01
26,TGTGCCAGCAGTTTGTGCCCGAGGGGGGATCCTGAAGCTTTCTTT,CASSLCPRGDPEAFF,TRBV27*01,TRBJ1-1*01
27,TGTGCCAGCAGTTTGACAGGGGGACGCCCCGGGGAGCTGTTTTTT,CASSLTGGRPGELFF,TRBV27*01,TRBJ2-2*01
28,TGTGCCAGCAGGGGTTGCGGCAGATACGAGCAGTACTTC,CASRGCGRYEQYF,TRBV2*01,TRBJ2-7*01
29,TGTGCCAGCAGCATGTGGACAGGGGGCTGGGGAAACACCATATATTTT,CASSMWTGGWGNTIYF,TRBV13*01,TRBJ1-3*01
30,TGTGCCAGCAGCCAAGGGAGGGCGTTGGGTCAGCCCCAGCATTTT,CASSQGRALGQPQHF,TRBV3-1*02,TRBJ1-5*01
31,TGCAGTGCTAGAGATGGACGACTAGCGGATAGGAGGGTAGCCGGGGAGCTGTTTTTT,CSARDGRLADRRVAGELFF,TRBV20-1*01,TRBJ2-2*01
32,TGTGCCAGCAGACCCGGGGGGCGCCAATGGGAGCAGTACTTC,CASRPGGRQWEQYF,TRBV6-6*02,TRBJ2-7*01
33,TGTGCCAGCAGTGAGCGGCGAAATAAACCGCCCAGAAGGTGCGAGACCCAGTACTTC,CASSERRNKPPRRCETQYF,TRBV2*01,TRBJ2-5*01
34,TGTGCTAGTGGTTTGGGTCCACAGGGGGTCGAGCAGTACTTC,CASGLGPQGVEQYF,TRBV12-5*01,TRBJ2-7*01
35,TGTGCCAGCAGCCAAGATCTTAAGACAGGGGAGGCTGAAGCTTTCTTT,CASSQDLKTGEAEAFF,TRBV4-2*01,TRBJ1-1*01
36,TGTGCCAGCAGCGTTTTTCCAACTGGCTACACCTTC,CASSVFPTGYTF,TRBV9*01,TRBJ1-2*01
37,TGCAGTGCTAGAGAAGTTCCGAAACCCGTCAACTCAATAAATGAGCAGTTCTTC,CSAREVPKPVNSINEQFF,TRBV20-1*01,TRBJ2-1*01
38,TGTGCCAGCAGCCAAGGGTACTACAACCAAGAGACCCAGTACTTC,CASSQGYYNQETQYF,TRBV14*01,TRBJ2-5*01
39,TGTGCCAGCAGCTGCCCCAGTAACTATAATTCACCCCTCCACTTT,CASSCPSNYNSPLHF,TRBV7-6*01,TRBJ1-6*02
40,TGTGCCAAAAGGGGGGGCACTGAAGCTTTCTTT,CAKRGGTEAFF,TRBV28*01,TRBJ1-1*01
41,TGTGCTAGTGGTTTGGTACATAACCAGACAGGGGGCAGACTTACAGATACGCAGTATTTT,CASGLVHNQTGGRLTDTQYF,TRBV12-5*01,TRBJ2-3*01
42,TGTGCCAGCGGACAGTGTCGTCAACCCGAGCAGTACTTC,CASGQCRQPEQYF,TRBV11-1*01,TRBJ2-7*01
43,TGTGCCAGCAGCCTAGGACAGGTATCCTCCAATCAGCCCCAGCATTTT,CASSLGQVSSNQPQHF,TRBV11-2*01,TRBJ1-5*01
44,TGTGCCAGGGGGGGGACTAGCGGGGTTAACAATGAGCAGTTCTTC,CARGGTSGVNNEQFF,TRBV19*01,TRBJ2-1*01
45,TGTGCCAGCAGCATCCTAACAGGGGGCGATTCTCCGTCTGGAAACACCATATATTTT,CASSILTGGDSPSGNTIYF,TRBV12-4*01,TRBJ1-3*01
46,TGCGCCAGCAGCCAAGAGTGTCAGACAGGGGATTTGCCCCAGCATTTT,CASSQECQTGDLPQHF,TRBV4-1*01,TRBJ1-5*01
47,TGTGCTAGTGGTTTGGTACGACTCCTCAGGGGATTCGAGCAGTACTTC,CASGLVRLLRGFEQYF,TRBV12-5*01,TRBJ2-7*01
48,TGTGCCAGGGGACCAGATACGCAGTATTTT,CARGPDTQYF,TRBV12-4*01,TRBJ2-3*01
49,TGTGCTAGCAGCTTAGCGTTAAATGCAGATGCGCTGTATGAAAAACTGTTTTTT,CASSLALNADALYEKLFF,TRBV7-7*03,TRBJ1-4*01
50,TGTGCCAGCAGCTTACCGAGAGATGAAAAACTGTTTTTT,CASSLPRDEKLFF,TRBV7-4*01,TRBJ1-4*01
51,TGTGCCAGCAGTGACTCCCATGGAGGACAGGGCAGTCAGCCCCAGCATTTT,CASSDSHGGQGSQPQHF,TRBV6-4*01,TRBJ1-5*01
52,TGTGCCAGTAGTCAGGGGCTCGAGCAGTACTTC,CASSQGLEQYF,TRBV19*01,TRBJ2-7*01
53,TGTGCCAGCAGTTTACCGGGGGGGGATAGGAATGAGCAGTTCTTC,CASSLPGGDRNEQFF,TRBV27*01,TRBJ2-1*01
54,TGCAGTGCTTCGATCGACACTGAGGCACGTGGACAGCCCCAGCATTTT,CSASIDTEARGQPQHF,TRBV20-1*01,TRBJ1-5*01
55,TGTGCCAGCCCGGTAAGGGCCCTGGACAGGAAGAGTGAGACCCAGTACTTC,CASPVRALDRKSETQYF,TRBV9*01,TRBJ2-5*01
56,TGTGCCAGCAGTTACGGGGGGCCTCGTCGCACAGATACGCAGTATTTT,CASSYGGPRRTDTQYF,TRBV6-6*02,TRBJ2-3*01
57,TGTGCCAGCAGGGAACCCCGGAGTAGGGCCTATAATTCACCCCTCCACTTT,CASREPRSRAYNSPLHF,TRBV27*01,TRBJ1-6*02
58,TGCGCCAGCAGCCAAGACCTAGCGGGTACAGCCTACGAGCAGTACTTC,CASSQDLAGTAYEQYF,TRBV4-1*01,TRBJ2-7*01
59,TGTGCCAGCAGTAGACAGGGATCTGAAGCTTTCTTT,CASSRQGSEAFF,TRBV25-1*01,TRBJ1-1*01
60,TGTGCCAGCAGCTTCCCCCGAGGTTACAATGAGCAGTTCTTC,CASSFPRGYNEQFF,TRBV11-2*01,TRBJ2-1*01
61,TGTGCCAGCAGCTTCCGCGAGGGGGGGGTTAAGAGCTCCTACAATGAGCAGTTCTTC,CASSFREGGVKSSYNEQFF,TRBV13*01,TRBJ2-1*01
62,TGCGCCAAGGGGGCTAACAGGGGGCGGTTCACCGGGGAGCTGTTTTTT,CAKGANRGRFTGELFF,TRBV5-1*01,TRBJ2-2*01
63,TGTGCCAGCAAGCCCAGTCCGACGACAGGCCTGCCTCTTGCCAAAAACATTCAGTACTTC,CASKPSPTTGLPLAKNIQYF,TRBV7-9*04,TRBJ2-4*01
64,TGTGCTAGTGGAGTAAAGGACGAGCAGTACTTC,CASGVKDEQYF,TRBV12-5*01,TRBJ2-7*01
65,TGTGCCAGCAGTGACTCAAAGCCGCTAGCTGAGCAGTACTTC,CASSDSKPLAEQYF,TRBV6-4*01,TRBJ2-7*01
66,TGTGCCAGCAGCTTGAGTGATAATGAAAAACTGTTTTTT,CASSLSDNEKLFF,TRBV5-4*01,TRBJ1-4*01
67,TGCGCCAGCCGGGGCTGGTCAGAAGAGACCCAGTACTTC,CASRGWSEETQYF,TRBV4-1*01,TRBJ2-5*01
68,TGTGCCAGCAGCCTATCGACAGTCTACGAGCAGTACTTC,CASSLSTVYEQYF,TRBV5-6*01,TRBJ2-7*01
69,TGTGCCAGCAGTTTGGCATACGAGCAGTACTTC,CASSLAYEQYF,TRBV28*01,TRBJ2-7*01
70,TGTGCCAGCAGCTTAGGCTCCTCTAGCCGACAGTATCAGCCCCAGCATTTT,CASSLGSSSRQYQPQHF,TRBV7-6*01,TRBJ1-5*01
71,TGCGCCAGCAGTGGGGCCAGCCCCTCCTACAATGAGCAGTTCTTC,CASSGASPSYNEQFF,TRBV10-1*01,TRBJ2-1*01
72,TGTGCCAGCAGTCCAACCGACAGGGACAGTCTAGGAAACACCATATATTTT,CASSPTDRDSLGNTIYF,TRBV2*03,TRBJ1-3*01
73,TGTGCCAGCATCTCAGGGGGGGCGGCTGGGGCCAACGTCCTGACTTTC,CASISGGAAGANVLTF,TRBV2*01,TRBJ2-6*01
74,TGTGCCAGCAGCCAACAGGGAAATATGAACACTGAAGCTTTCTTT,CASSQQGNMNTEAFF,TRBV3-1*02,TRBJ1-1*01
75,TGTGCCAGCAGGGGGAAAACAGTGGGGGGCAGGCAAGAGACCCAGTACTTC,CASRGKTVGGRQETQYF,TRBV6-1*01,TRBJ2-5*01
76,TGTGCCAGTAGGGGTACGGGTCAGCCCCAGCATTTT,CASRGTGQPQHF,TRBV19*01,TRBJ1-5*01
77,TGTGCCGAGGCCTCAAGGCATATGAGATGCTGGGGTGAGTTTCTTGATTACGAGCAGTACTTC,CAEASRHMRCWGEFLDYEQYF,TRBV7-2*01,TRBJ2-7*01
78,TGTGCCAGCAGTCACCAGACAGGGAGAAACAATGAGCAGTTCTTC,CASSHQTGRNNEQFF,TRBV6-1*01,TRBJ2-1*01
79,TGTGCCAGTAGTATAGATTACAGAGTCACAGATACGCAGTATTTT,CASSIDYRVTDTQYF,TRBV19*01,TRBJ2-3*01
80,TGCGCCAGCAGCCAAGATGTGACACGTAGCAATCAGCCCCAGCATTTT,CASSQDVTRSNQPQHF,TRBV4-1*01,TRBJ1-5*01
81,TGTGCCAGCAGTGGACCTAGCCGGCCTACAGATACGCAGTATTTT,CASSGPSRPTDTQYF,TRBV12-3*01,TRBJ2-3*01
82,TGCGCCAGCAGCTTATGCCGGGACAGGGCCCACTATGGCTACACCTTC,CASSLCRDRAHYGYTF,TRBV5-1*01,TRBJ1-2*01
83,TGTGCCAGCAGTGCGAGGGGTCCCATCCTTAACACTGAAGCTTTCTTT,CASSARGPILNTEAFF,TRBV6-4*01,TRBJ1-1*01
84,TGTGCCAGCAGGAAACCAGGGTCGGGTTGTGAGCAGTTCTTC,CASRKPGSGCEQFF,TRBV27*01,TRBJ2-1*01
85,TGTGCCAGCAGCCACGGAAGTGACACAGATACGCAGTATTTT,CASSHGSDTDTQYF,TRBV5-4*01,TRBJ2-3*01
86,TGTGCCAGCAGTTTTCTAGGTTCGGGGATTGGCTACACCTTC,CASSFLGSGIGYTF,TRBV12-4*01,TRBJ1-2*01
87,TGTGCCAGCAGCTTAGCTAGCGGAGATTGGTGGGACTCCTACGAGCAGTACTTC,CASSLASGDWWDSYEQYF,TRBV7-9*05,TRBJ2-7*01
88,TGTGCCAGCAGTAGGAATCCCTGGACACAGAACACCATATATTTT,CASSRNPWTQNTIYF,TRBV27*01,TRBJ1-3*01
89,TGTGCCAGCAGCCAAGCTCGGGCAGGTCTCAGCTCCTATAATTCACCCCTCCACTTT,CASSQARAGLSSYNSPLHF,TRBV14*01,TRBJ1-6*02
90,TGCGCCAGCAGCTTGAAGGGCCGGAATACGCAGTATTTT,CASSLKGRNTQYF,TRBV5-1*01,TRBJ2-3*01
91,TGCGCCAGCAAGGTTATCGAAGCTGGGGCCAACGTCCTGACTTTC,CASKVIEAGANVLTF,TRBV5-1*01,TRBJ2-6*01
92,TGTGCCAGCAACCCAAGGGCGGGGGGGGAGTTAGATACGCAGTATTTT,CASNPRAGGELDTQYF,TRBV6-4*01,TRBJ2-3*01
93,TGTGCCACTCGGTCGGGGCCGGGCCCGAGCTCCTACGAGCAGTACTTC,CATRSGPGPSSYEQYF,TRBV10-3*01,TRBJ2-7*01
94,TGCGCCAGCAGACAGGGGGGGTGCAATCAGCCCCAGCATTTT,CASRQGGCNQPQHF,TRBV5-1*01,TRBJ1-5*01
95,TGCGCCTGTCCGGGACAGGGGGGGGGGAGGGACACTGAAGCTTTCTTT,CACPGQGGGRDTEAFF,TRBV10-2*01,TRBJ1-1*01
96,TGTGCCAGCAGCTTGGCCCATACTATGCATGAAGCTTTCTTT,CASSLAHTMHEAFF,TRBV5-4*02,TRBJ1-1*01
97,TGTGCCTGGAGCCTACAGGGTGACTCCTACAATGAGCAGTTCTTC,CAWSLQGDSYNEQFF,TRBV30*04,TRBJ2-1*01
98,TGCAGTGCTAGACCGGGGGGGGAGGTCTCCTACAATGAGCAGTTCTTC,CSARPGGEVSYNEQFF,TRBV20-1*01,TRBJ2-1*01
99,TGTGCCAGCAGCAAGTGGGGTTACCATGGCTACACCTTC,CASSKWGYHGYTF,TRBV6-5*01,TRBJ1-2*01
