seq_index,nt_sequence,gene_choice_v,gene_choice_j
0,GACCAGCAAGTTAAGCAAAATTCACCATCCCTGAGCGTCCAGGAAGGAAGAATTTCTATTCTGAACTGTGACTATACTAACAGCATGTTTGATTATTTCCTATGGTACAAAAAATACCCTGCTGAAGGTCCTACATTCCTGATATCTATAAGTTCCATTAAGGATAAAAATGAAGATGGAAGATTCACTGTTTTCTTAAACAAAAGTGCCAAGCACCTCTCTCTCGACATTGTGCCCTCCCAGCCTGGAGACTCTGCAGTGTACTTCTGTGCAGCAAGCTAGGCCTTTACATTATGGAGGAAGCCAAGGAAATCTCATCTTTGGAAAAGGCACTAAACTCTCTGTTAAACCAA,TRAV29/DV5*02,TRAJ42*01
1,GGAGATTCAGTGGTCCAGACAGAAGGCCAAGTGCTCCCCTCTGAAGGGGATTCCCTGATTGTGAACTGCTCCTATGAAACCACACAGTACCCTTCCCTTTTTTGGTATGTCCAATATCCTGGAGAAGGTCCACAGCTCCACCTGAAAGCCATGAAGGCCAATGACAAGGGAAGGAACAAAGGTTTTGAAGCCATGTACCGTAAAGAAACCACTTCTTTCCACTTGGAGAAAGACTCAGTTCAAGAGTCAGACTCCGCTGTGTACTTCTGTGCTCTGAGTGATCCATCTACGGTAACCAGTTCTATTTTGGGACAGGGACAAGTTTGACGGTCATTCCAA,TRAV9-1*01,TRAJ49*01
2,GGAGAGAATGTGGAGCAGCATCCTTCAACCCTGAGTGTCCAGGAGGGAGACAGCGCTGTTATCAAGTGTACTTATTCAGACAGTGCCTCAAACTACTTCCCTTGGTATAAGCAAGAACTTGGAAAAAGACCTCAGCTTATTATAGACATTCGTTCAAATGTGGGCGAAAAGAAAGACCAACGAATTGCTGTTACATTGAACAAGACAGCCAAACATTTCTCCCTGCACATCACAGAGACCCAACCTGAAGACTCGGCTGTCTACTTCTGTGCAGCAAGTTCTGGAAGCCAAGGAAATCTCATCTTTGGAAAAGGCACTAAACTCTCTGTTAAACCAA,TRAV13-1*02,TRAJ42*01
3,GATGCTAAGACCACCCAGCCCCCCTCCATGGATTGCGCTGAAGGAAGAGCTGCAAACCTGCCTTGTAATCACTCTACCATCAGTGGAAATGAGTATGTGTATTGGTATCGACAGATTCACTCCCAGGGGCCACAGTATATCATTCATGGTCTAAAAAACAATGAAACCAATGAAATGGCCTCTCTGATCATCACAGAAGACAGAAAGTCCAGCACCTTGATCCTGCCCCACGCTACGCTGAGAGACACTGCTGTGTACTATTGCATCGTCAGAGTCGGGGGACGTACCGGCACTGCCAGTAAACTCACCTTTGGGACTGGAACAAGACTTCAGGTCACGCTCG,TRAV26-1*01,TRAJ44*01
4,ACCCAGCTGCTGGAGCAGAGCCCTCAGTTTCTAAGCATCCAAGAGGGAGAAAATCTCACTGTGTACTGCAACTCCTCAAGTGTTTTTTCCAGCTTACAATGGTACAGACAGGAGCCTGGGGAAGGTCCTGTCCTCCTGGTGACAGTAGTTACGGGTGGAGAAGTGAAGAAGCTGAAGAGACTAACCTTTCAGTTTGGTGATGCAAGAAAGGACAGTTCTCTCCACATCACTGCAGCCCAGCCTGGTGATACAGGCCTCTACCTCTGTCCTACAGCACCCTCACCTTTGGGAAGGGGACTATGCTTCTAGTCTCTCCAG,TRAV27*01,TRAJ11*01
5,CAGCAGCAGGTGAAACAAAGTCCTCAATCTTTGATAGTCCAGAAAGGAGGGATTTCAATTATAAACTGTGCTTATGAGAACACTGCGTTTGACTACTTTCCATGGTACCAACAATTCCCTGGGAAAGGCCCTGCATTATTGATAGCCATACGTCCAGATGTGAGTGAAAAGAAAGAAGGAAGATTCACAATCTCCTTCAATAAAAGTGCCAAGCAGTTCTCATTGCATATCATGGATTCCCAGCCTGGAGACTCAGCCACCTACTTCTGTGCCGGGCAACACAGGCAAACTAATCTTTGGGCAAGGGACAACTTTACAAGTAAAACCAG,TRAV23/DV6*01,TRAJ37*01
6,GGAGAGAGTGTGGGGCTGCATCTTCCTACCCTGAGTGTCCAGGAGGGTGACAACTCTATTATCAACTGTGCTTATTCAAACAGCGCCTCAGACTACTTCATTTGGTACAAGCAAGAATCTGGAAAAGGTCCTCAATTCATTATAGACATTCGTTCAAATATGGACAAAAGGCAAGGCCAAAGAGTCACCGTTTTATTGAATAAGACAGTGAAACATCTCTCTCTGCAAATTGCAGCTACTCAACCTGGAGACTCAGCTGTCTACTTTTGTGCAGACCGCGGGCAGGAGAGCACTTACTTTTGGGAGTGGAACAAGACTCCAAGTGCAACCAA,TRAV13-2*01,TRAJ5*01
7,GGAGAGAATGTGGAGCAGCATCCTTCAACCCTGAGTGTCCAGGAGGGAGACAGCGCTGTTATCAAGTGTACTTATTCAGACAGTGCCTCAAACTACTTCCCTTGGTATAAGCAAGAACTTGGAAAAGGACCTCAGCTTATTATAGACATTCGTTCAAATGTGGGCGAAAAGAAAGACCAACGAATTGCTGTTACATTGAACAAGACAGCCAAACATTTCTCCCTGCACATCACAGAGACCCAACCTGAAGACTCGGCTGTCTACTTCTGTGCAGCAAGTACTCAAGGCTTTCAGAAACTTGTATTTGGAACTGGCACCCGACTTCTGGTCAGTCCAA,TRAV13-1*01,TRAJ8*01
8,GCCCAGAAGATAACTCAAACCCAACCAGGAATGTTCGTGCAGGAAAAGGAGGCTGTGACTCTGGACTGCACATATGACACCAGTGATCCAAGTTATGGTCTATTCTGGTACAAGCAGCCCAGCAGTGGGGAAATGATTTTTCTTATTTATCAGGGGTCTTATGACCAGCAAAATGCAACAGAAGGTCGCTACTCATTGAATTTCCAGAAGGCAAGAAAATCCGCCAACCTTGTCATCTCCGCTTCACAACTGGGGGACTCAGCAATGTACTTCTGTGCAATGAGAGAGGGCTCCCCACGGGCAGGAGAGCACTTACTTTTGGGAGTGGAACAAGACTCCAAGTGCAACCAA,TRAV14/DV4*01,TRAJ5*01
9,GCTCAGAAGGTAACTCAAGCGCAGACTGAAATTTCTGTGGTGGAGAAGGAGGATGTGACCTTGGACTGTGTGTATGAAACCCGTGATACTACTTATTACTTATTCTGGTACAAGCAACCACCAAGTGGAGAATTGGTTTTCCTTATTCGTCGGAACTCTTTTGATGAGCAAAATGAAATAAGTGGTCGGTATTCTTGGAACTTCCAGAAATCCACCAGTTCCTTCAACTTCACCATCACAGCCTCACAAGTCGTGGACTCAGCAGTATACTTCTGTGCTCTCCCGGGAGGAGGAAACAAACTCACCTTTGGGACAGGCACTCAGCTAAAAGTGGAACTCA,TRAV19*01,TRAJ10*01
10,CTTGCTAAGACCACCCAGCCCATCTCCATGGACTCATATGAAGGACAAGAAGTGAACATAACCTGTAGCCACAACAACATTGCTACAAATGATTATATCACGTGGTACCAACAGTTTCCCAGCCAAGGACCACGATTTATTATTCAAGGATACAAGACAAAAGTTACAAACGAAGTGGCCTCCCTGTTTATCCCTGCCGACAGAAAGTCCAGCACTCTGAGCCTGCCCCGGGTTTCCCTGAGCGACACTGCTGTGTACTACTGCCTCGTGGGTGACATGGCCTCAAATTCCGGGTATGCACTCAACTTCGGCAAAGGCACCTCGCTGTTGGTCACACCCC,TRAV4*01,TRAJ41*01
11,GGAGAGAGTGTGGGGCTGCATCTTCCTACCCTGAGTGTCCAGGAGGGTGACAACTCTATTATCAACTGTGCTTATTCAAACAGCGCCTCAGACTACTTCATTTGGTACAAGCAAGAATCTGGAAAAGGTCCTCAATTCATTATAGACATTCGTTCAAATATGGACAAAAGGCAAGGCCAAAGAGTCACCGTTTTATTGAATAAGACAGTGAAACATCTCTCTCTGCAAATTGCAGCTACTCAACCTGGAGACTCAGCTGTCTACTTTTGTGCAGAAAAGTAAACCAGGCAGGAACTGCTCTGATCTTTGGGAAGGGAACCACCTTATCAGTGAGTTCCA,TRAV13-2*01,TRAJ15*01
12,AAAAATGAAGTGGAGCAGAGTCCTCAGAACCTGACTGCCCAGGAAGGAGAATTTATCACAATCAACTGCAGTTACTCGGTAGGAATAAGTGCCTTACACTGGCTGCAACAGCATCCAGGAGGAGGCATTGTTTCCTTGTTTATGCTGAGCTCAGGGAAGAAGAAGCATGGAAGATTAATTGCCACAATAAACATACAGGAAAAGCACAGCTCCCTGCACATCACAGCCTCCCATCCCAGAGACTCTGCCGTCTACATCTGTGCTGTCTACCACCGGAGTGGAGGAAGCCAAGGAAATCTCATCTTTGGAAAAGGCACTAAACTCTCTGTTAAACCAA,TRAV41*01,TRAJ42*01
13,GGAATACAAGTGGAGCAGAGTCCTCCAGACCTGATTCTCCAGGAGGGAGCCAATTCCACGCTGCGGTGCAATTTTTCTGACTCTGTGAACAATTTGCAGTGGTTTCATCAAAACCCTTGGGGACAGCTCATCAACCTGTTTTACATTCCCTCAGGGACAAAACAGAATGGAAGATTAAGCGCCACGACTGTCGCTACGGAACGCTACAGCTTATTGTACATTTCCTCTTCCCAGACCACAGACTCAGGCGTTTATTTCTGTGCTGTTCTTCAGGATACAGCACCCTCACCTTTGGGAAGGGGACTATGCTTCTAGTCTCTCCAG,TRAV22*01,TRAJ11*01
14,GGAAATTCAGTGACCCAGATGGAAGGGCCAGTGACTCTCTCAGAAGAGGCCTTCCTGACTATAAACTGCACGTACACAGCCACAGGATACCCTTCCCTTTTCTGGTATGTCCAATATCCTGGAGAAGGTCTACAGCTCCTCCTGAAAGCCACGAAGGCTGATGACAAGGGAAGCAACAAAGGTTTTGAAGCCACATACCGTAAAGAAACCACTTCTTTCCACTTGGAGAAAGGCTCAGTTCAAGTGTCAGACTCAGCGGTGTACTTCTGTGCTCTGACGGCAGGGAGCCCAGAAGCTGGTATTTGGCCAAGGAACCAGGCTGACTATCAACCCAA,TRAV9-2*01,TRAJ54*01
15,GGAGAGAATGTGGAGCAGCATCCTTCAACCCTGAGTGTCCAGGAGGGAGACAGCGCTGTTATCAAGTGTACTTATTCAGACAGTGCCTCAAACTACTTCCCTTGGTATAAGCAAGAACTTGGAAAAAGACCTCAGCTTATTATAGACATTCGTTCAAATGTGGGCGAAAAGAAAGACCAACGAATTGCTGTTACATTGAACAAGACAGCCAAACATTTCTCCCTGCACATCACAGAGACCCAACCTGAAGACTCGGCTGTCTACTTCTGTGCAGCAAGTACCCTCCGGGGTAACCAGTTCTATTTTGGGACAGGGACAAGTTTGACGGTCATTCCAA,TRAV13-1*02,TRAJ49*01
16,CTTGCTAAGACCACCCAGCCCATCTCCATGGACTCATATGAAGGACAAGAAGTGAACATAACCTGTAGCCACAACAACATTGCTACAAATGATTATATCACGTGGTACCAACAGTTTCCCAGCCAAGGACCACGATTTATTATTCAAGGATACAAGACAAAAGTTACAAACGAAGTGGCCTCCCTGTTTATCCCTGCCGACAGAAAGTCCAGCACTCTGAGCCTGCCCCGGGTTTCCCTGAGCGACACTGCTGTGTACTACTGCCTCGTGGGGCTATGGCTTCCTGGAGGCAACATGCTCACCTTTGGAGGGGGAACAAGGTTAATGGTCAAACCCC,TRAV4*01,TRAJ39*01
17,CAGAAGGAGGTGGAGCAGGATCCTGGACCACTCAGTGTTCCAGAGGGAGCCATTGTTTCTCTCAACTGCACTTACAGCAACAGTGCTTTTCAATACTTCATGTGGTACAGACAGTATTCCAGAATAGGCCCTGAGTTGCTGATGTACACATACTCCAGTGGTAACAAAGAAGATGGAAGGTTTACAGCACAGGTCGATAAATCCAGCAAGTATATCTCCTTGTTCATCAGAGACTCACAGCCCAGTGATTCAGCCACCTACCTCTGTGCAATGTCCGGAACCTACAAATACATCTTTGGAACAGGCACCAGGCTGAAGGTTTTAGCAA,TRAV12-3*02,TRAJ40*01
18,ACCCAGCTGCTGGAGCAGAGCCCTCAGTTTCTAAGCATCCAAGAGGGAGAAAATCTCACTGTGTACTGCAACTCCTCAAGTGTTTTTTCCAGCTTACAATGGTACAGACAGGAGCCTGGGGAAGGTCCTGTCCTCCTGGTGACAGTAGTTACGGGTGGAGAAGTGAAGAAGCTGAAGAGACTAACCTTTCAGTTTGGTGATGCAAGAAAGGACAGTTCTCTCCACATCACTGCAGCCCAGCCTGGTGATACAGGCCTCTACCTCTGTGCAGGACGAAACACACCTCTTGTCTTTGGAAAGGGCACAAGACTTTCTGTGATTGCAA,TRAV27*01,TRAJ29*01
19,GCTCAGAAGGTAACTCAAGCGCAGACTGAAATTTCTGTGGTGGAGAAGGAGGATGTGACCTTGGACTGTGTGTATGAAACCCGTGATACTACTTATTACTTATTCTGGTACAAGCAACCACCAAGTGGAGAATTGGTTTTCCTTATTCGTCGGAACTCTTTTGATGAGCAAAATGAAATAAGTGGTCGGTATTCTTGGAACTTCCAGAAATCCACCAGTTCCTTCAACTTCACCATCACAGCCTCACAAGTCGTGGACTCAGCAGTATACTTCTGTGCTCTGAGAAGGAGGAGGTGCTGACGGACTCACCTTTGGCAAAGGGACTCATCTAATCATCCAGCCCT,TRAV19*01,TRAJ45*01
20,GAGCTGAAAGTGGAACAAAACCCTCTGTTCCTGAGCATGCAGGAGGGAAAAAACTATACCATCTACTGCAATTATTCAACCACTTCAGACAGACTGTATTGGTACAGGCAGGATCCTGGGAAAAGTCTGGAATCTCTGTTTGTGTTGCTATCAAATGGAGCAGTGAAGCAGGAGGGACGATTAATGGCCTCACTTGATACCAAAGCCCGTCTCAGCACCCTCCACATCACAGCTGCCGTGCATGACCTCTCTGCCACCTACTTCTGTGAAAGGGAGCCAATAGTAAGCTGACATTTGGAAAAGGAATAACTCTGAGTGTTAGACCAG,TRAV39*01,TRAJ56*01
21,GATGCTAAGACCACCCAGCCCACCTCCATGGATTGCGCTGAAGGAAGAGCTGCAAACCTGCCTTGTAATCACTCTACCATCAGTGGAAATGAGTATGTGTATTGGTATCGACAGATTCACTCCCAGGGGCCACAGTATATCATTCATGGTCTAAAAAACAATGAAACCAATGAAATGGCCTCTCTGATCATCACAGAAGACAGAAAGTCCAGCACCTTGATCCTGCCCCACGCTACGCTGAGAGACACTGCTGTGTACTATTGCATCGTCCCTATCGGATTAACTGGGGCAAACAACCTCTTCTTTGGGACTGGAACGAGACTCACCGTTATTCCCT,TRAV26-1*02,TRAJ36*01
22,AAAAACCAAGTGGAGCAGAGTCCTCAGTCCCTGATCATCCTGGAGGGAAAGAACTGCACTCTTCAATGCAATTATACAGTGAGCCCCTTCAGCAACTTAAGGTGGTATAAGCAAGATACTGGGAGAGGTCCTGTTTCCCTGACAATCATGACTTTCAGTGAGAACACAAAGTCGAACGGAAGATATACAGCAACTCTGGATGCAGACACAAAGCAAAGCTCTCTGCACATCACAGCCTCCCAGCTCAGCGATTCAGCCTCCTACATCTGTGTGGTGAGCCAGTAAATATAGAATAGTGGAGGTAGCAACTATAAACTGACATTTGGAAAAGGAACTCTCTTAACCGTGAATCCAA,TRAV10*01,TRAJ53*01
23,GGAGAGAATGTGGAGCAGCATCCTTCAACCCTGAGTGTCCAGGAGGGAGACAGCGCTGTTATCAAGTGTACTTATTCAGACAGTGCCTCAAACTACTTCCCTTGGTATAAGCAAGAACTTGGAAAAGGACCTCAGCTTATTATAGACATTCGTTCAAATGTGGGCGAAAAGAAAGACCAACGAATTGCTGTTACATTGAACAAGACAGCCAAACATTTCTCCCTGCACATCACAGAGACCCAACCTGAAGACTCGGCTGTCTACTTCTGTGCAGCCGGGTCTGACGGACTCACCTTTGGCAAAGGGACTCATCTAATCATCCAGCCCT,TRAV13-1*01,TRAJ45*01
24,CAGCAGCAGGTGAAACAAAGTCCTCAATCTTTGATAGTCCAGAAAGGAGGGATTTCAATTATAAACTGTGCTTATGAGAACACTGCGTTTGACTACTTTCCATGGTACCAACAGTTCCCTGGGAAAGGCCCTGCATTATTGATAGCCATACGTCCAGATGTGAGTGAAAAGAAAGAAGGAAGATTCACAATCTCCTTCAATAAAAGTGCCAAGCAGTTCTCATTGCATATCATGGATTCCCAGCCTGGAGACTCAGCCACCTACTTCTGTGCAGCAAGCAGGGAACTCAGGGCGGATCTGAAAAGCTGGTCTTTGGAAAGGGAACGAAACTGACAGTAAACCCAT,TRAV23/DV6*03,TRAJ57*01
25,GCCCAGTCAGTGACCCAGCCTGACATCCACATCACTGTCTCTGAAGGAGCCTCACTGGAGTTGAGATGTAACTATTCCTATGGGGCAACACCTTATCTCTTCTGGTATGTCCAGTCCCCCGGCCAAGGCCTCCAGCTGCTCCTGAAGTACTTTTCAGGAGACACTCTGGTTCAAGGCATTAAAGGCTTTGAGGCTGAATTTAAGAGGAGTCAATCTTCCTTCAATCTGAGGAAACCCTCTGTGCATTGGAGTGATGCTGCTGAGTACTTCTGTGCTGTGGGTTGGCCCATGCCAGACTCATGTTTGGAGATGGAACTCAGCTGGTGGTGAAGCCCA,TRAV8-3*01,TRAJ31*01
26,GGAGAGAATGTGGAGCAGCATCCTTCAACCCTGAGTGTCCAGGAGGGAGACAGCGCTGTTATCAAGTGTACTTATTCAGACAGTGCCTCAAACTACTTCCCTTGGTATAAGCAAGAACTTGGAAAAAGACCTCAGCTTATTATAGACATTCGTTCAAATGTGGGCGAAAAGAAAGACCAACGAATTGCTGTTACATTGAACAAGACAGCCAAACATTTCTCCCTGCACATCACAGAGACCCAACCTGAAGACTCGGCTGTCTACTTCTGTGCAGCAAGGTGCTGGTGGTACTAGCTATGGAAAGCTGACATTTGGACAAGGGACCATCTTGACTGTCCATCCAA,TRAV13-1*02,TRAJ52*01
27,CAGAAGGAGGTGGAGCAGGATCCTGGACCACTCAGTGTTCCAGAGGGAGCCATTGTTTCTCTCAACTGCACTTACAGCAACAGTGCTTTTCAATACTTCATGTGGTACAGACAGTATTCCAGAAAAGGCCCTGAGTTGCTGATGTACACATACTCCAGTGGTAACAAAGAAGATGGAAGGTTTACAGCACAGGTCGATAAATCCAGCAAGTATATCTCCTTGTTCATCAGAGACTCACAGCCCAGTGATTCAGCCACCTACCTCTGTGCAATGAAAGGGCTCTAGCAACACAGGCAAACTAATCTTTGGGCAAGGGACAACTTTACAAGTAAAACCAG,TRAV12-3*01,TRAJ37*02
28,GAGCTGAAAGTGGAACAAAACCCTCTGTTCCTGAGCATGCAGGAGGGAAAAAACTATACCATCTACTGCAATTATTCAACCACTTCAGACAGACTGTATTGGTACAGGCAGGATCCTGGGAAAAGTCTGGAATCTCTGTTTGTGTTGCTATCAAATGGAGCAGTGAAGCAGGAGGGACGATTAATGGCCTCACTTGATACCAAAGCCCGTCTCAGCACCCTCCACATCACAGCTGCCGTGCATGACCTCTCTGCCACCTACTTCTGTGCCGTGGACATGGGCCGTGGCTCTGATCTTTGGGAAGGGAACCACCTTATCAGTGAGTTCCA,TRAV39*01,TRAJ15*01
29,AAAAACCAAGTGGAGCAGAGTCCTCAGTCCCTGATCATCCTGGAGGGAAAGAACTGCACTCTTCAATGCAATTATACAGTGAGCCCCTTCAGCAACTTAAGGTGGTATAAGCAAGATACTGGGAGAGGTCCTGTTTCCCTGACAATCATGACTTTCAGTGAGAACACAAAGTCGAACGGAAGATATACAGCAACTCTGGATGCAGACACAAAGCAAAGCTCTCTGCACATCACAGCCTCCCAGCTCAGCGATTCAGCCTCCTACATCTGTGTGGTGAGCCTAAGGTGGCTTCAGGAAACACACCTCTTGTCTTTGGAAAGGGCACAAGACTTTCTGTGATTGCAA,TRAV10*01,TRAJ29*01
30,GACCAGCAAGTTAAGCAAAATTCACCATCCCTGAGCGTCCAGGAAGGAAGAATTTCTATTCTGAACTGTGACTATACTAACAGCATGTTTGATTATTTCCTATGGTACAAAAAATACCCTGCTGAAGGTCCTACATTCCTGATATCTATAAGTTCCATTAAGGATAAAAATGAAGATGGAAGATTCACTGTCTTCTTAAACAAAAGTGCCAAGCACCTCTCTCTGCACATTGTGCCCTCCCAGCCTGGAGACTCTGCAGTGTACTTCTGTGCAGCAAGCGATCGGAGGAGGTGCTGACGGACTCACCTTTGGCAAAGGGACTCATCTAATCATCCAGCCCT,TRAV29/DV5*01,TRAJ45*01
31,GCTCAGAAGGTAACTCAAGCGCAGACTGAAATTTCTGTGGTGGAGAAGGAGGATGTGACCTTGGACTGTGTGTATGAAACCCGTGATACTACTTATTACTTATTCTGGTACAAGCAACCACCAAGTGGAGAATTGGTTTTCCTTATTCGTCGGAACTCTTTTGATGAGCAAAATGAAATAAGTGGTCGGTATTCTTGGAACTTCCAGAAATCCACCAGTTCCTTCAACTTCACCATCACAGCCTCACAAGTCGTGGACTCAGCAGTATACTTCTGTGCTCTGAGTCCTTACACCGGTAACCAGTTCTATTTTGGGACAGGGACAAGTTTGACGGTCATTCCAA,TRAV19*01,TRAJ49*01
32,GAAGACCAGGTGACGCAGAGTCCCGAGGCCCTGAGACTCCAGGAGGGAGAGAGTAGCAGTCTTAACTGCAGTTACACAGTCAGCGGTTTAAGAGGGCTGTTCTGGTATAGGCAAGATCCTGGGAAAGGCCCTGAATTCCTCTTCACCCTGTATTCAGCTGGGGAAGAAAAGGAGAAAGAAAGGCTAAAAGCCACATTAACAAAGAAGGAAAGCTTTCTGCACATCACAGCCCCTAAACCTGAAGACTCAGCCACTTATCTCTGTGCTGTGCAGCCACTCAGGGCGGATCTGAAAAGCTGGTCTTTGGAAAGGGAACGAAACTGACAGTAAACCCAT,TRAV20*01,TRAJ57*01
33,GAAGACAAGGTGGTACAAAGCCCTCTATCTCTGGTTGTCCACGAGGGAGACACCGTAACTCTCAATTGCAGTTATGAAGTGACTAACTTTCGAAGCCTACTATGGTACAAGCAGGAAAAGAAAGCTCCCACATTTCTATTTATGCTAACTTCAAGTGGAATTGAAAAGAAGTCAGGAAGACTAAGTAGCATATTAGATAAGAAAGAACTTTCCAGCATCCTGAACATCACAGCCACCCAGACCGGAGACTCGGCCATCTACCTCTGTGCTGTGGAGAAGGTCGGTAACCAGTTCTATTTTGGGACAGGGACAAGTTTGACGGTCATTCCAA,TRAV36/DV7*01,TRAJ49*01
34,AAAAACCAAGTGGAGCAGAGTCCTCAGTCCCTGATCATCCTGGAGGGAAAGAACTGCACTCTTCAATGCAATTATACAGTGAGCCCCTTCAGCAACTTAAGGTGGTATAAGCAAGATACTGGGAGAGGTCCTGTTTCCCTGACAATCATGACTTTCAGTGAGAACACAAAGTCGAACGGAAGATATACAGCAACTCTGGATGCAGACACAAAGCAAAGCTCTCTGCACATCACAGCCTCCCAGCTCAGCGATTCAGCCTCCTACATCTGTGTGGTGAGCGCCGACGAAGAATAAAGCTGCAGGCAACAAGCTAACTTTTGGAGGAGGAACCAGGGTGCTAGTTAAACCAA,TRAV10*01,TRAJ17*01
35,GCCCAGAGAGTGACTCAGCCCGAGAAGCTCCTCTCTGTCTTTAAAGGGGCCCCAGTGGAGCTGAAGTGCAACTATTCCTATTCTGGGAGTCCTGAACTCTTCTGGTATGTCCAGTACTCCAGACAACGCCTCCAGTTACTCTTGAGACACATCTCTAGAGAGAGCATCAAAGGCTTCACTGCTGACCTTAACAAAGGCGAGACATCTTTCCACCTGAAGAAACCATTTGCTCAAGAGGAAGACTCAGCCATGTATTACTGTGCTCTAGCCTCCTGACATGCGCTTTGGAGCAGGGACCAGACTGACAGTAAAACCAA,TRAV16*01,TRAJ43*01
36,GCTCAGAAGGTAACTCAAGCGCAGACTGAAATTTCTGTGGTGGAGAAGGAGGATGTGACCTTGGACTGTGTGTATGAAACCCGTGATACTACTTATTACTTATTCTGGTACAAGCAACCACCAAGTGGAGAATTGGTTTTCCTTATTCGTCGGAACTCTTTTGATGAGCAAAATGAAATAAGTGGTCGGTATTCTTGGAACTTCCAGAAATCCACCAGTTCCTTCAACTTCACCATCACAGCCTCACAAGTCGTGGACTCAGCAGTATACTTCTGTGCTCTGAGTGAGGATGCCGAGGCGGACAGCAGTGCTTCCAAGATAATCTTTGGATCAGGGACCAGACTCAGCATCCGGCCAA,TRAV19*01,TRAJ3*01
37,GCCCAGAGAGTGACTCAGCCCGAGAAGCTCCTCTCTGTCTTTAAAGGGGCCCCAGTGGAGCTGAAGTGCAACTATTCCTATTCTGGGAGTCCTGAACTCTTCTGGTATGTCCAGTACTCCAGACAACGCCTCCAGTTACTCTTGAGACACATCTCTAGAGAGAGCATCAAAGGCTTCACTGCTGACCTTAACAAAGGCGAGACATCTTTCCACCTGAAGAAACCATTTGCTCAAGAGGAAGACTCAGCCATGTATTACTGTGCTCTAAGTGGCCGTTGGAAAACCGCTTTGGGAATGTGCTGCATTGCGGGTCCGGCACTCAAGTGATTGTTTTACCAC,TRAV16*01,TRAJ35*01
38,ATACTGAACGTGGAACAAAGTCCTCAGTCACTGCATGTTCAGGAGGGAGACAGCACCAATTTCACCTGCAGCTTCCCTTCCAGCAATTTTTATGCCTTACACTGGTACAGATGGGAAACTGCAAAAAGCCCCGAGGCCTTGTTTGTAATGACTTTAAATGGGGATGAAAAGAAGAAAGGACGAATAAGTGCCACTCTTAATACCAAGGAGGGTTACAGCTATTTGTACATCAAAGGATCCCAGCCTGAAGACTCAGCCACATACCTCTGTGCCTTTATCGAAAGCTGCAGGCAACAAGCTAACTTTTGGAGGAGGAACCAGGGTGCTAGTTAAACCAA,TRAV24*01,TRAJ17*01
39,GACCAGCAAGTTAAGCAAAATTCACCATCCCTGAGCGTCCAGGAAGGAAGAATTTCTATTCTGAACTGTGACTATACTAACAGCATGTTTGATTATTTCCTATGGTACAAAAAATACCCTGCTGAAGGTCCTACATTCCTGATATCTATAAGTTCCATTAAGGATAAAAATGAAGATGGAAGATTCACTGTCTTCTTAAACAAAAGTGCCAAGCACCTCTCTCTGCACATTGTGCCCTCCCAGCCTGGAGACTCTGCAGTGTACTTCTGTGCAGCAAGCGCGACAACCGGCGATCAAACTGGGGCAAACAACCTCTTCTTTGGGACTGGAACGAGACTCACCGTTATTCCCT,TRAV29/DV5*01,TRAJ36*01
40,AGCCAAGAACTGGAGCAGAGTCCTCAGTCCTTGATCGTCCAAGAGGGAAAGAATCTCACCATAAACTGCACGTCATCAAAGACGTTATATGGCTTATACTGGTATAAGCAAAAGTATGGTGAAGGTCTTATCTTCTTGATGATGCTACAGAAAGGTGGGGAAGAGAAAAGTCATGAAAAGATAACTGCCAAGTTGGATGAGAAAAAGCAGCAAAGTTCCCTGCATATCACAGCCTCCCAGCCCAGCCATGCAGGCATCTACCTCTGTGGAGCCGGGAAGAATAACACCGACAAGCTCATCTTTGGGACTGGGACCAGATTACAAGTCTTTCCAA,TRAV34*01,TRAJ34*01
41,GGAGAGAATGTGGAGCAGCATCCTTCAACCCTGAGTGTCCAGGAGGGAGACAGCGCTGTTATCAAGTGTACTTATTCAGACAGTGCCTCAAACTACTTCCCTTGGTATAAGCAAGAACTTGGAAAAAGACCTCAGCTTATTATAGACATTCGTTCAAATGTGGGCGAAAAGAAAGACCAACGAATTGCTGTTACATTGAACAAGACAGCCAAACATTTCTCCCTGCACATCACAGAGACCCAACCTGAAGACTCGGCTGTCTACTTCTGTGCAGCAAAAGGACCTATTATGGAGGAAGCCAAGGAAATCTCATCTTTGGAAAAGGCACTAAACTCTCTGTTAAACCAA,TRAV13-1*02,TRAJ42*01
42,GGACAAAACATTGACCAGCCCACTGAGATGACAGCTACGGAAGGTGCCATTGTCCAGATCAACTGCACGTACCAGACATCTGGGTTCAACGGGCTGTTCTGGTACCAGCAACATGCTGGCGAAGCACCCACATTTCTGTCTTACAATGTTCTGGATGGTTTGGAGGAGAAAGGTCGTTTTTCTTCATTCCTTAGTCGGTCTAAAGGGTACAGTTACCTCCTTTTGAAGGAGCTCCAGATGAAAGACTCTGCCTCTTACCTCTGTGCTGGATCCACCAATGCAGGCAAATCAACCTTTGGGGATGGGACTACGCTCACTGTGAAGCCAA,TRAV1-2*01,TRAJ27*01
43,AGCCAAAAGATAGAACAGAATTCCGAGGCCCTGAACATTCAGGAGGGTAAAACGGCCACCCTGACCTGCAACTATACAAACTATTCCCCAGCATACTTACAGTGGTACCGACAAGATCCAGGAAGAGGCCCTGTTTTCTTGCTACTCATACGTGAAAATGAGAAAGAAAAAAGGAAAGAAAGACTGAAGGTCACCTTTGATACCACCCTTAAACAGAGTTTGTTTCATATCACAGCCTCCCAGCCTGCAGACTCAGCTACCTACCTCTGTGCTCTAGACATCAACTCAGGAACCTACAAATACATCTTTGGAACAGGCACCAGGCTGAAGGTTTTAGCAA,TRAV6*01,TRAJ40*01
44,GGAGAGAATGTGGAGCAGCATCCTTCAACCCTGAGTGTCCAGGAGGGAGACAGCGCTGTTATCAAGTGTACTTATTCAGACAGTGCCTCAAACTACTTCCCTTGGTATAAGCAAGAACTTGGAAAAGGACCTCAGCTTATTATAGACATTCGTTCAAATGTGGGCGAAAAGAAAGACCAACGAATTGCTGTTACATTGAACAAGACAGCCAAACATTTCTCCCTGCACATCACAGAGACCCAACCTGAAGACTCGGCTGTCTACTTCTGTGCAGCGATTTATAACCAGGGAGGAAAGCTTATCTTCGGACAGGGAACGGAGTTATCTGTGAAACCCA,TRAV13-1*01,TRAJ23*01
45,GGAAATTCAGTGACCCAGATGGAAGGGCCAGTGACTCTCTCAGAAGAGGCCTTCCTGACTATAAACTGCACGTACACAGCCACAGGATACCCTTCCCTTTTCTGGTATGTCCAATATCCTGGAGAAGGTCTACAGCTCCTCCTGAAAGCCACGAAGGCTGATGACAAGGGAAGCAACAAAGGTTTTGAAGCCACATACCGTAAAGAAACCACTTCTTTCCACTTGGAGAAAGGCTCAGTTCAAGTGTCAGACTCAGCGGTGTACTTCTGTGCTCTGAGTGAACGGACACGGGCAGGAGAGCACTTACTTTTGGGAGTGGAACAAGACTCCAAGTGCAACCAA,TRAV9-2*01,TRAJ5*01
46,GAGGCCCTGAACATTCAGGAGGGTAAAACGGCCACCCTGACCTGCAACTATACAAACTATTCTCCAGCATACTTACAGTGGTACCGACAAGATCCAGGAAGAGGCCCTGTTTTCTTGCTACTTATACGTGAAAATGAGAAAGAAAAAAGGAAAGAAAGACTGAAGGTCACCTTTGATACCACCCTTAAACAGAGTTTGTTTCATATCACAGCCTCCCAGCCTGCAGACTCAGCTACCTACCTCTGTGCCCCAGGGGGAACAACAGACTCGCTTTTGGGAAGGGGAACCAAGTGGTGGTCATACCAA,TRAV6*03,TRAJ7*01
47,AAACAGGAGGTGACGCAGATTCCTGCAGCTCTGAGTGTCCCAGAAGGAGAAAACTTGGTTCTCAACTGCAGTTTCACTGATAGCGCTATTTACAACCTCCAGTGGTTTAGGCAGGACCCTGGGAAAGGTCTCACATCTCTGTTGCTTATTCAGTCAAGTCAGAGAGAGCAAACAAGTGGAAGACTTAATGCCTCGCTGGATAAATCATCAGGACGTAGTACTTTATACATTGCAGCTTCTCAGCCTGGTGACTCAGCCACCTACCTCTGTGCTGTGACCCGGAAAACCTCCTACGACAAGGTGATATTTGGGCCAGGGACAAGCTTATCAGTCATTCCAA,TRAV21*01,TRAJ50*01
48,AGCCAAAAGATAGAACAGAATTCCGAGGCCCTGAACATTCAGGAGGGTAAAACGGCCACCCTGACCTGCAACTATACAAACTATTCCCCAGCATACTTACAGTGGTACCGACAAGATCCAGGAAGAGGCCCTGTTTTCTTGCTACTCATACGTGAAAATGAGAAAGAAAAAAGGAAAGAAAGACTGAAGGTCACCTTTGATACCACCCTTAAACAGAGTTTGTTTCATATCACAGCCTCCCAGCCTGCAGACTCAGCTACCTACCTCTGTGCTCTAGGACCAATACGCATGGCTCTAGCAACACAGGCAAACTAATCTTTGGGCAAGGGACAACTTTACAAGTAAAACCAG,TRAV6*01,TRAJ37*02
49,GGAGAGAGTGTGGGGCTGCATCTTCCTACCCTGAGTGTCCAGGAGGGTGACAACTCTATTATCAACTGTGCTTATTCAAACAGCGCCTCAGACTACTTCATTTGGTACAAACAAGAATCTGGAAAAGGTCCTCAATTCATTATAGACATTCGTTCAAATATGGACAAAAGGCAAGGCCAAAGAGTCACCGTTTTATTGAATAAGACAGTGAAACATCTCTCTCTGCAAATTGCAGCTACTCAACCTGGAGACTCAGCTGTCTACTTTTGTGCAGAGATGGATGGAATATGGAAACAAACTGGTCTTTGGCGCAGGAACCATTCTGAGAGTCAAGTCCT,TRAV13-2*02,TRAJ47*01
50,GCTCAGTCAGTGGCTCAGCCGGAAGATCAGGTCAACGTTGCTGAAGGGAATCCTCTGACTGTGAAATGCACCTATTCAGTCTCTGGAAACCCTTATCTTTTTTGGTATGTTCAATACCCCAACCGAGGCCTCCAGTTCCTTCTGAAATACATCACAGGGGATAACCTGGTTAAAGGCAGCTATGGCTTTGAAGCTGAATTTAACAAGAGCCAAACCTCCTTCCACCTGAAGAAACCATCTGCCCTTGTGAGCGACTCCGCTTTGTACTTCTGTGCTGTGAGAGACCTTCCAGTTTCCAGGAAACACACCTCTTGTCTTTGGAAAGGGCACAAGACTTTCTGTGATTGCAA,TRAV3*01,TRAJ29*01
51,GGAGAGAATGTGGAGCAGCATCCTTCAACCCTGAGTGTCCAGGAGGGAGACAGCGCTGTTATCAAGTGTACTTATTCAGACAGTGCCTCAAACTACTTCCCTTGGTATAAGCAAGAACTTGGAAAAGGACCTCAGCTTATTATAGACATTCGTTCAAATGTGGGCGAAAAGAAAGACCAACGAATTGCTGTTACATTGAACAAGACAGCCAAACATTTCTCCCTGCACATCACAGAGACCCAACCTGAAGACTCGGCTGTCTACTTCTGTGCAGCCTGCCCAGAAGCTGGTATTTGGCCAAGGAACCAGGCTGACTATCAACCCAA,TRAV13-1*01,TRAJ54*01
52,ACCCAGCTGCTGGAGCAGAGCCCTCAGTTTCTAAGCATCCAAGAGGGAGAAAATCTCACTGTGTACTGCAACTCCTCAAGTGTTTTTTCCAGCTTACAATGGTACAGACAGGAGCCTGGGGAAGGTCCTGTCCTCCTGGTGACAGTAGTTACGGGTGGAGAAGTGAAGAAGCTGAAGAGACTAACCTTTCAGTTTGGTGATGCAAGAAAGGACAGTTCTCTCCACATCACTGCAGCCCAGCCTGGTGATACAGGCCTCTACCTCTGTGCAGGAGGAAAGGGTAACGACTACAAGCTCAGCTTTGGAGCCGGAACCACAGTAACTGTAAGAGCAA,TRAV27*01,TRAJ20*01
53,GATGCTAAGACCACCCAGCCCACCTCCATGGATTGCGCTGAAGGAAGAGCTGCAAACCTGCCTTGTAATCACTCTACCATCAGTGGAAATGAGTATGTGTATTGGTATCGACAGATTCACTCCCAGGGGCCACAGTATATCATTCATGGTCTAAAAAACAATGAAACCAATGAAATGGCCTCTCTGATCATCACAGAAGACAGAAAGTCCAGCACCTTGATCCTGCCCCACGCTACGCTGAGAGACACTGCTGTGTACTATTGCATCGCCCTATACCGGCACTGCCAGTAAACTCACCTTTGGGACTGGAACAAGACTTCAGGTCACGCTCG,TRAV26-1*02,TRAJ44*01
54,AAACAGGAGGTGACACAGATTCCTGCAGCTCTGAGTGTCCCAGAAGGAGAAAACTTGGTTCTCAACTGCAGTTTCACTGATAGCGCTATTTACAACCTCCAGTGGTTTAGGCAGGACCCTGGGAAAGGTCTCACATCTCTGTTGCTTATTCAGTCAAGTCAGAGAGAGCAAACAAGTGGAAGACTTAATGCCTCGCTGGATAAATCATCAGGACGTAGTACTTTATACATTGCAGCTTCTCAGCCTGGTGACTCAGCCACCTACCTCTTGTCTGGAGTCTTTTCTGGTGGCTACAATAAGCTGATTTTTGGAGCAGGGACCAGGCTGGCTGTACACCCAT,TRAV21*02,TRAJ4*01
55,AGTCAACAGGGAGAAGAGGATCCTCAGGCCTTGAGCATCCAGGAGGGTGAAAATGCCACCATGAACTGCAGTTACAAAACTAGTATAAACAATTTACAGTGGTATAGACAAAATTCAGGTAGAGGCCTTGTCCACCTAATTTTAATACGTTCAAATGAAAGAGAGAAACACAGTGGAAGATTAAGAGTCACGCTTGACACTTCCAAGAAAAGCAGTTCCTTGTTGATCACGGCTTCCCGGGCAGCAGACACTGCTTCTTACTTCTGTGCTACGGACCCAACTGGGGGGAGCCAATAGTAAGCTGACATTTGGAAAAGGAATAACTCTGAGTGTTAGACCAG,TRAV17*01,TRAJ56*01
56,GAAGACAAGGTGGTACAAAGCCCTCTATCTCTGGTTGTCCACGAGGGAGACACCGTAACTCTCAATTGCAGTTATGAAGTGACTAACTTTCGAAGCCTACTATGGTACAAGCAGGAAAAGAAAGCTCCCACATTTCTATTTATGCTAACTTCAAGTGGAATTGAAAAGAAGTCAGGAAGACTAAGTAGCATATTAGATAAGAAAGAACTTTCCAGCATCCTGAACATCACAGCCACCCAGACCGGAGACTCGGCCATCTACCTCTGTGCTGCATTCAGGAGGAGGTGCTGACGGACTCACCTTTGGCAAAGGGACTCATCTAATCATCCAGCCCT,TRAV36/DV7*01,TRAJ45*01
57,GGACAACAGGTAATGCAAATTCCTCAGTACCAGCATGTACAAGAAGGAGAGGACTTCACCACGTACTGCAATTCCTCAACTACTTTAAGCAATATACAGTGGTATAAGCAAAGGCCTGGTGGACATCCCGTTTTTTTGATACAGTTAGTGAAGAGTGGAGAAGTGAAGAAGCAGAAAAGACTGACATTTCAGTTTGGAGAAGCAAAAAAGAACAGCTCCCTGCACATCACAGCCACCCAGACTACAGATGTAGGAACCTACTTCTGTGCAGGGGCCTACAATGGCTTTGGGAATGTGCTGCATTGCGGGTCCGGCACTCAAGTGATTGTTTTACCAC,TRAV25*01,TRAJ35*01
58,GCCCAGAAGATAACTCAAACCCAACCAGGAATGTTCGTGCAGGAAAAGGAGGCTGTGACTCTGGACTGCACATATGACACCAGTGATCAAAGTTATGGTCTATTCTGGTACAAGCAGCCCAGCAGTGGGGAAATGATTTTTCTTATTTATCAGGGGTCTTATGACGAGCAAAATGCAACAGAAGGTCGCTACTCATTGAATTTCCAGAAGGCAAGAAAATCCGCCAACCTTGTCATCTCCGCTTCACAACTGGGGGACTCAGCAATGTATTTCTGTGCAATGAGAGGGGCGGACAAGCTCAGCTTTGGAGCCGGAACCACAGTAACTGTAAGAGCAA,TRAV14/DV4*02,TRAJ20*01
59,AGTCAACAGGGAGAAGAGGATCCTCAGGCCTTGAGCATCCAGGAGGGTGAAAATGCCACCATGAACTGCAGTTACAAAACTAGTATAAACAATTTACAGTGGTATAGACAAAATTCAGGTAGAGGCCTTGTCCACCTAATTTTAATACGTTCAAATGAAAGAGAGAAACACAGTGGAAGATTAAGAGTCACGCTTGACACTTCCAAGAAAAGCAGTTCCTTGTTGATCACGGCTTCCCGGGCAGCAGACACTGCTTCTTACTTCTGTGCTACGGGGGAGGAATATGGAAACAAACTGGTCTTTGGCGCAGGAACCATTCTGAGAGTCAAGTCCT,TRAV17*01,TRAJ47*01
60,GGAGAGAGTGTGGGGCTGCATCTTCCTACCCTGAGTGTCCAGGAGGGTGACAACTCTATTATCAACTGTGCTTATTCAAACAGCGCCTCAGACTACTTCATTTGGTACAAGCAAGAATCTGGAAAAGGTCCTCAATTCATTATAGACATTCGTTCAAATATGGACAAAAGGCAAGGCCAAAGAGTCACCGTTTTATTGAATAAGACAGTGAAACATCTCTCTCTGCAAATTGCAGCTACTCAACCTGGAGACTCAGCTGTCTACTTTTGTGCAGAGAATTGGCATGAACACAGGCTTTCAGAAACTTGTATTTGGAACTGGCACCCGACTTCTGGTCAGTCCAA,TRAV13-2*01,TRAJ8*01
61,CAGAAGGAGGTGGAGCAGGATCCTGGACCACTCAGTGTTCCAGAGGGAGCCATTGTTTCTCTCAACTGCACTTACAGCAACAGTGCTTTTCAATACTTCATGTGGTACAGACAGTATTCCAGAAAAGGCCCTGAGTTGCTGATGTACACATACTCCAGTGGTAACAAAGAAGATGGAAGGTTTACAGCACAGGTCGATAAATCCAGCAAGTATATCTCCTTGTTCATCAGAGACTCACAGCCCAGTGATTCAGCCACCTACCTCTGTGCAATGAGAATACTCTGGGGCTGGGAGTTACCAACTCACTTTCGGGAAGGGGACCAAACTCTCGGTCATACCAA,TRAV12-3*01,TRAJ28*01
62,AAACAGGAGGTGACGCAGATTCCTGCAGCTCTGAGTGTCCCAGAAGGAGAAAACTTGGTTCTCAACTGCAGTTTCACTGATAGCGCTATTTACAACCTCCAGTGGTTTAGGCAGGACCCTGGGAAAGGTCTCACATCTCTGTTGCTTATTCAGTCAAGTCAGAGAGAGCAAACAAGTGGAAGACTTAATGCCTCGCTGGATAAATCATCAGGACGTAGTACTTTATACATTGCAGCTTCTCAGCCTGGTGACTCAGCCACCTACCTCTGTGCTGTTGTCAAAGCTGCAGGCAACAAGCTAACTTTTGGAGGAGGAACCAGGGTGCTAGTTAAACCAA,TRAV21*01,TRAJ17*01
63,GCCCAGAAGATAACTCAAACCCAACCAGGAATGTTCGTGCAGGAAAAGGAGGCTGTGACTCTGGACTGCACATATGACACCAGTGATCAAAGTTATGGTCTATTCTGGTACAAGCAGCCCAGCAGTGGGGAAATGATTTTTCTTATTTATCAGGGGTCTTATGACGAGCAAAATGCAACAGAAGGTCGCTACTCATTGAATTTCCAGAAGGCAAGAAAATCCGCCAACCTTGTCATCTCCGCTTCACAACTGGGGGACTCAGCAATGTATTTCTGTGCAATGAGAGAGGGCTATGGGGCCACCTCAGGAACCTACAAATACATCTTTGGAACAGGCACCAGGCTGAAGGTTTTAGCAA,TRAV14/DV4*02,TRAJ40*01
64,GGAGAGAATGTGGAGCAGCATCCTTCAACCCTGAGTGTCCAGGAGGGAGACAGCGCTGTTATCAAGTGTACTTATTCAGACAGTGCCTCAAACTACTTCCCTTGGTATAAGCAAGAACTTGGAAAAGGACCTCAGCTTATTATAGACATTCGTTCAAATGTGGGCGAAAAGAAAGACCAACGAATTGCTGTTACATTGAACAAGACAGCCAAACATTTCTCCCTGCACATCACAGAGACCCAACCTGAAGACTCGGCTGTCTACTTCTGTGCAGCAAGTAGCACTCGCAATGCAGGCAAATCAACCTTTGGGGATGGGACTACGCTCACTGTGAAGCCAA,TRAV13-1*01,TRAJ27*01
65,GGAGAGAATGTGGAGCAGCATCCTTCAACCCTGAGTGTCCAGGAGGGAGACAGCGCTGTTATCAAGTGTACTTATTCAGACAGTGCCTCAAACTACTTCCCTTGGTATAAGCAAGAACTTGGAAAAGGACCTCAGCTTATTATAGACATTCGTTCAAATGTGGGCGAAAAGAAAGACCAACGAATTGCTGTTACATTGAACAAGACAGCCAAACATTTCTCCCTGCACATCACAGAGACCCAACCTGAAGACTCGGCTGTCTACTTCTGTGCAGCGGAACAGGAGGAGGTGCTGACGGACTCACCTTTGGCAAAGGGACTCATCTAATCATCCAGCCCT,TRAV13-1*01,TRAJ45*01
66,GGAGAGAGTGTGGGGCTGCATCTTCCTACCCTGAGTGTCCAGGAGGGTGACAACTCTATTATCAACTGTGCTTATTCAAACAGCGCCTCAGACTACTTCATTTGGTACAAACAAGAATCTGGAAAAGGTCCTCAATTCATTATAGACATTCGTTCAAATATGGACAAAAGGCAAGGCCAAAGAGTCACCGTTTTATTGAATAAGACAGTGAAACATCTCTCTCTGCAAATTGCAGCTACTCAACCTGGAGACTCAGCTGTCTACTTTTGTGCAGAGTATGTTGCCGGCTTTGGGAATGTGCTGCATTGCGGGTCCGGCACTCAAGTGATTGTTTTACCAC,TRAV13-2*02,TRAJ35*01
67,AGTCAACAGGGAGAAGAGGATCCTCAGGCCTTGAGCATCCAGGAGGGTGAAAATGCCACCATGAACTGCAGTTACAAAACTAGTATAAACAATTTACAGTGGTATAGACAAAATTCAGGTAGAGGCCTTGTCCACCTAATTTTAATACGTTCAAATGAAAGAGAGAAACACAGTGGAAGATTAAGAGTCACGCTTGACACTTCCAAGAAAAGCAGTTCCTTGTTGATCACGGCTTCCCGGGCAGCAGACACTGCTTCTTACTTCTGTGCTGGGAAGGGAGCTGCAGGCAACAAGCTAACTTTTGGAGGAGGAACCAGGGTGCTAGTTAAACCAA,TRAV17*01,TRAJ17*01
68,GAAGACCAGGTGACGCAGAGTCCCGAGGCCCTGAGACTCCAGGAGGGAGAGAGTAGCAGTCTTAACTGCAGTTACACAGTCAGCGGTTTAAGAGGGCTGTTCTGGTATAGGCAAGATCCTGGGAAAGGCCCTGAATTCCTCTTCACCCTGTATTCAGCTGGGGAAGAAAAGGAGAAAGAAAGGCTAAAAGCCACATTAACAAAGAAGGAAAGCTTTCTGCACATCACAGCCCCTAAACCTGAAGACTCAGCCACTTATCTCTGTGCTGTGCAGTCGGGAACACCGGTAACCAGTTCTATTTTGGGACAGGGACAAGTTTGACGGTCATTCCAA,TRAV20*01,TRAJ49*01
69,AAACAGGAGGTGACACAGATTCCTGCAGCTCTGAGTGTCCCAGAAGGAGAAAACTTGGTTCTCAACTGCAGTTTCACTGATAGCGCTATTTACAACCTCCAGTGGTTTAGGCAGGACCCTGGGAAAGGTCTCACATCTCTGTTGCTTATTCAGTCAAGTCAGAGAGAGCAAACAAGTGGAAGACTTAATGCCTCGCTGGATAAATCATCAGGACGTAGTACTTTATACATTGCAGCTTCTCAGCCTGGTGACTCAGCCACCTACCTCTGTGCTCTGCAGAGGCTCAACCCTGGGGAGGCTATACTTTGGAAGAGGAACTCAGTTGACTGTCTGGCCTG,TRAV21*02,TRAJ18*01
70,AGTCAACAGGGAGAAGAGGATCCTCAGGCCTTGAGCATCCAGGAGGGTGAAAATGCCACCATGAACTGCAGTTACAAAACTAGTATAAACAATTTACAGTGGTATAGACAAAATTCAGGTAGAGGCCTTGTCCACCTAATTTTAATACGTTCAAATGAAAGAGAGAAACACAGTGGAAGATTAAGAGTCACGCTTGACACTTCCAAGAAAAGCAGTTCCTTGTTGATCACGGCTTCCCGGGCAGCAGACACTGCTTCTTACTTCTGTGCTACGGAAGGGACCCAAGGGCTGGGAGTTACCAACTCACTTTCGGGAAGGGGACCAAACTCTCGGTCATACCAA,TRAV17*01,TRAJ28*01
71,GGAATACAAGTGGAGCAGAGTCCTCCAGACCTGATTCTCCAGGAGGGAGCCAATTCCACGCTGCGGTGCAATTTTTCTGACTCTGTGAACAATTTGCAGTGGTTTCATCAAAACCCTTGGGGACAGCTCATCAACCTGTTTTACATTCCCTCAGGGACAAAACAGAATGGAAGATTAAGCGCCACGACTGTCGCTACGGAACGCTACAGCTTATTGTACATTTCCTCTTCCCAGACCACAGACTCAGGCGTTTATTTCTGTGCTGTGTGAATTTCTTCTGGTTCTGCAAGGCAACTGACCTTTGGATCTGGGACACAATTGACTGTTTTACCTG,TRAV22*01,TRAJ22*01
72,GACCAGCAAGTTAAGCAAAATTCACCATCCCTGAGCGTCCAGGAAGGAAGAATTTCTATTCTGAACTGTGACTATACTAACAGCATGTTTGATTATTTCCTATGGTACAAAAAATACCCTGCTGAAGGTCCTACATTCCTGATATCTATAAGTTCCATTAAGGATAAAAATGAAGATGGAAGATTCACTGTTTTCTTAAACAAAAGTGCCAAGCACCTCTCTCTCGACATTGTGCCCTCCCAGCCTGGAGACTCTGCAGTGTACTTCTGTGCAGCTTTATAGTGGAGGTAGCAACTATAAACTGACATTTGGAAAAGGAACTCTCTTAACCGTGAATCCAA,TRAV29/DV5*02,TRAJ53*01
73,CAGCAGCAGGTGAAACAAAGTCCTCAATCTTTGATAGTCCAGAAAGGAGGGATTTCAATTATAAACTGTGCTTATGAGAACACTGCGTTTGACTACTTTCCATGGTACCAACAGTTCCCTGGGAAAGGCCCTGCATTATTGATAGCCATACGTCCAGATGTGAGTGAAAAGAAAGAAGGAAGATTCACAATCTCCTTCAATAAAAGTGCCAAGCAGTTCTCATTGCATATCATGGATTCCCAGCCTGGAGACTCAGCCACCTACTTCTGTGCAGCAAGCATGAGATTGGGAATAGTGGAGGTAGCAACTATAAACTGACATTTGGAAAAGGAACTCTCTTAACCGTGAATCCAA,TRAV23/DV6*03,TRAJ53*01
74,GCTCAGAAGGTAACTCAAGCGCAGACTGAAATTTCTGTGGTGGAGAAGGAGGATGTGACCTTGGACTGTGTGTATGAAACCCGTGATACTACTTATTACTTATTCTGGTACAAGCAACCACCAAGTGGAGAATTGGTTTTCCTTATTCGTCGGAACTCTTTTGATGAGCAAAATGAAATAAGTGGTCGGTATTCTTGGAACTTCCAGAAATCCACCAGTTCCTTCAACTTCACCATCACAGCCTCACAAGTCGTGGACTCAGCAGTATACTTCTGTGCTCGGGTACCGTCTTTATAACCAGGGAGGAAAGCTTATCTTCGGACAGGGAACGGAGTTATCTGTGAAACCCA,TRAV19*01,TRAJ23*01
75,GGAGAGAGTGTGGGGCTGCATCTTCCTACCCTGAGTGTCCAGGAGGGTGACAACTCTATTATCAACTGTGCTTATTCAAACAGCGCCTCAGACTACTTCATTTGGTACAAGCAAGAATCTGGAAAAGGTCCTCAATTCATTATAGACATTCGTTCAAATATGGACAAAAGGCAAGGCCAAAGAGTCACCGTTTTATTGAATAAGACAGTGAAACATCTCTCTCTGCAAATTGCAGCTACTCAACCTGGAGACTCAGCTGTCTACTTTTGTGCAGAGAAGCCTTTATTTTCCAGAGATGGCCAGAAGCTGCTCTTTGCAAGGGGAACCATGTTAAAGGTGGATCTTA,TRAV13-2*01,TRAJ16*01
76,GCCCAGTCTGTGAGCCAGCATAACCACCACGTAATTCTCTCTGAAGCAGCCTCACTGGAGTTGGGATGCAACTATTCCTATGGTGGAACTGTTAATCTCTTCTGGTATGTCCAGTACCCTGGTCAACACCTTCAGCTTCTCCTCAAGTACTTTTCAGGGGATCCACTGGTTAAAGGCATCAAGGGCTTTGAGGCTGAATTTATAAAGAGTAAATTCTCCTTTAATCTGAGGAAACCCTCTGTGCAGTGGAGTGACACAGCTGAGTACTTCTGTGCCGTCCTACCTCAGGAACCTACAAATACATCTTTGGAACAGGCACCAGGCTGAAGGTTTTAGCAA,TRAV8-1*01,TRAJ40*01
77,GGAGAGAATGTGGAGCAGCATCCTTCAACCCTGAGTGTCCAGGAGGGAGACAGCGCTGTTATCAAGTGTACTTATTCAGACAGTGCCTCAAACTACTTCCCTTGGTATAAGCAAGAACTTGGAAAAGGACCTCAGCTTATTATAGACATTCGTTCAAATGTGGGCGAAAAGAAAGACCAACGAATTGCTGTTACATTGAACAAGACAGCCAAACATTTCTCCCTGCACATCACAGAGACCCAACCTGAAGACTCGGCTGTCTACTTCTGTGCAGCTCTAGCTTGTTTCTGGTGGCTACAATAAGCTGATTTTTGGAGCAGGGACCAGGCTGGCTGTACACCCAT,TRAV13-1*01,TRAJ4*01
78,GGAGAGAGTGTGGGGCTGCATCTTCCTACCCTGAGTGTCCAGGAGGGTGACAACTCTATTATCAACTGTGCTTATTCAAACAGCGCCTCAGACTACTTCATTTGGTACAAACAAGAATCTGGAAAAGGTCCTCAATTCATTATAGACATTCGTTCAAATATGGACAAAAGGCAAGGCCAAAGAGTCACCGTTTTATTGAATAAGACAGTGAAACATCTCTCTCTGCAAATTGCAGCTACTCAACCTGGAGACTCAGCTGTCTACTTTTGTGCAGAGAACATCTCCTTTGGAAATGAGAAATTAACCTTTGGGACTGGAACAAGACTCACCATCATACCCA,TRAV13-2*02,TRAJ48*01
79,GGAAATTCAGTGACCCAGATGGAAGGGCCAGTGACTCTCTCAGAAGAGGCCTTCCTGACTATAAACTGCACGTACACAGCCACAGGATACCCTTCCCTTTTCTGGTATGTCCAATATCCTGGAGAAGGTCTACAGCTCCTCCTGAAAGCCACGAAGGCTGATGACAAGGGAAGCAACAAAGGTTTTGAAGCCACATACCGTAAAGAAACCACTTCTTTCCACTTGGAGAAAGGCTCAGTTCAAGTGTCAGACTCAGCGGTGTACTTCTGTGCTCTGAGTGATAGGAACAAGGAGGTGCTGACGGACTCACCTTTGGCAAAGGGACTCATCTAATCATCCAGCCCT,TRAV9-2*01,TRAJ45*01
80,AGCAATTCAGTCAAGCAGACGGGCCAAATAACCGTCTCGGAGGGAGCATCTGTGACTATGAACTGCACATACACATCCACGGGGTACCCTACCCTTTTCTGGTATGTGGAATACCCCAGCAAACCTCTGCAGCTTCTTCAGAGAGAGACAATGGAAAACAGCAAAAACTTCGGAGGCGGAAATATTAAAGACAAAAACTCCCCCATTGTGAAATATTCAGTCCAGGTATCAGACTCAGCCGTGTACTACTGTCTTCTGGGAGACCCTAGGGAACTTTGGAAATGAGAAATTAACCTTTGGGACTGGAACAAGACTCACCATCATACCCA,TRAV40*01,TRAJ48*01
81,GAGCTGAAAGTGGAACAAAACCCTCTGTTCCTGAGCATGCAGGAGGGAAAAAACTATACCATCTACTGCAATTATTCAACCACTTCAGACAGACTGTATTGGTACAGGCAGGATCCTGGGAAAAGTCTGGAATCTCTGTTTGTGTTGCTATCAAATGGAGCAGTGAAGCAGGAGGGACGATTAATGGCCTCACTTGATACCAAAGCCCGTCTCAGCACCCTCCACATCACAGCTGCCGTGCATGACCTCTCTGCCACCTACTTCTGTGCCGTGGACAACCGCTCCACTAGCTATGGAAAGCTGACATTTGGACAAGGGACCATCTTGACTGTCCATCCAA,TRAV39*01,TRAJ52*01
82,GCTCAGACAGTCACTCAGTCTCAACCAGAGATGTCTGTGCAGGAGGCAGAGACCGTGACCCTGAGCTGCACATATGACACCAGTGAGAGTGATTATTATTTATTCTGGTACAAGCAGCCTCCCAGCAGGCAGATGATTCTCGTTATTCGCCAAGAAGCTTATAAGCAACAGAATGCAACAGAGAATCGTTTCTCTGTGAACTTCCAGAAAGCAGCCAAATCCTTCAGTCTCAAGATCTCAGACTCACAGCTGGGGGATGCCGCGATGTATTTCTGTGCTTATATGACTTATGGAAACAAACTGGTCTTTGGCGCAGGAACCATTCTGAGAGTCAAGTCCT,TRAV38-2/DV8*01,TRAJ47*01
83,GAGCTGAAAGTGGAACAAAACCCTCTGTTCCTGAGCATGCAGGAGGGAAAAAACTATACCATCTACTGCAATTATTCAACCACTTCAGACAGACTGTATTGGTACAGGCAGGATCCTGGGAAAAGTCTGGAATCTCTGTTTGTGTTGCTATCAAATGGAGCAGTGAAGCAGGAGGGACGATTAATGGCCTCACTTGATACCAAAGCCCGTCTCAGCACCCTCCACATCACAGCTGCCGTGCATGACCTCTCTGCCACCTACTTCTGTGCCGTTTGAGGAGCTTATAACACCGACAAGCTCATCTTTGGGACTGGGACCAGATTACAAGTCTTTCCAA,TRAV39*01,TRAJ34*01
84,GCTCAGACAGTCACTCAGTCTCAACCAGAGATGTCTGTGCAGGAGGCAGAGACCGTGACCCTGAGCTGCACATATGACACCAGTGAGAGTGATTATTATTTATTCTGGTACAAGCAGCCTCCCAGCAGGCAGATGATTCTCGTTATTCGCCAAGAAGCTTATAAGCAACAGAATGCAACAGAGAATCGTTTCTCTGTGAACTTCCAGAAAGCAGCCAAATCCTTCAGTCTCAAGATCTCAGACTCACAGCTGGGGGATGCCGCGATGTATTTCTGTGCTTAGGGTAGGGGCGCCCTGGTGGTGCTACAAACAAGCTCATCTTTGGAACTGGCACTCTGCTTGCTGTCCAGCCAA,TRAV38-2/DV8*01,TRAJ32*02
85,GGAAATTCAGTGACCCAGATGGAAGGGCCAGTGACTCTCTCAGAAGAGGCCTTCCTGACTATAAACTGCACGTACACAGCCACAGGATACCCTTCCCTTTTCTGGTATGTCCAATATCCTGGAGAAGGTCTACAGCTCCTCCTGAAAGCCACGAAGGCTGATGACAAGGGAAGCAACAAAGGTTTTGAAGCCACATACCGTAAAGAAACCACTTCTTTCCACTTGGAGAAAGGCTCAGTTCAAGTGTCAGACTCAGCGGTGTACTTCTGTGCTCTGAGTTCCAACTTCAACAAATTTTACTTTGGATCTGGGACCAAACTCAATGTAAAACCAA,TRAV9-2*01,TRAJ21*01
86,GGAGAGAATGTGGAGCAGCATCCTTCAACCCTGAGTGTCCAGGAGGGAGACAGCGCTGTTATCAAGTGTACTTATTCAGACAGTGCCTCAAACTACTTCCCTTGGTATAAGCAAGAACTTGGAAAAAGACCTCAGCTTATTATAGACATTCGTTCAAATGTGGGCGAAAAGAAAGACCAACGAATTGCTGTTACATTGAACAAGACAGCCAAACATTTCTCCCTGCACATCACAGAGACCCAACCTGAAGACTCGGCTGTCTACTTCTGTGCAGCAGGCGTGGAGGAGGTGCTGACGGACTCACCTTTGGCAAAGGGACTCATCTAATCATCCAGCCCT,TRAV13-1*02,TRAJ45*01
87,GGAAATTCAGTGACCCAGATGGAAGGGCCAGTGACTCTCTCAGAAGAGGCCTTCCTGACTATAAACTGCACGTACACAGCCACAGGATACCCTTCCCTTTTCTGGTATGTCCAATATCCTGGAGAAGGTCTACAGCTCCTCCTGAAAGCCACGAAGGCTGATGACAAGGGAAGCAACAAAGGTTTTGAAGCCACATACCGTAAAGAAACCACTTCTTTCCACTTGGAGAAAGGCTCAGTTCAAGTGTCAGACTCAGCGGTGTACTTCTGTGCTCTGATCCAGCCGGGGGTTCTGGTGGCTACAATAAGCTGATTTTTGGAGCAGGGACCAGGCTGGCTGTACACCCAT,TRAV9-2*01,TRAJ4*01
88,CAGAAGGAGGTGGAGCAGGATCCTGGACCACTCAGTGTTCCAGAGGGAGCCATTGTTTCTCTCAACTGCACTTACAGCAACAGTGCTTTTCAATACTTCATGTGGTACAGACAGTATTCCAGAATAGGCCCTGAGTTGCTGATGTACACATACTCCAGTGGTAACAAAGAAGATGGAAGGTTTACAGCACAGGTCGATAAATCCAGCAAGTATATCTCCTTGTTCATCAGAGACTCACAGCCCAGTGATTCAGCCACCTACCTCTGTGCAATGAGCGAGGGTCGGGGCTCTAGCAACACAGGCAAACTAATCTTTGGGCAAGGGACAACTTTACAAGTAAAACCAG,TRAV12-3*02,TRAJ37*02
89,GGAAATTCAGTGACCCAGATGGAAGGGCCAGTGACTCTCTCAGAAGAGGCCTTCCTGACTATAAACTGCACGTACACAGCCACAGGATACCCTTCCCTTTTCTGGTATGTCCAATATCCTGGAGAAGGTCTACAGCTCCTCCTGAAAGCCACGAAGGCTGATGACAAGGGAAGCAACAAAGGTTTTGAAGCCACATACCGTAAAGAAACCACTTCTTTCCACTTGGAGAAAGGCTCAGTTCAAGTGTCAGACTCAGCGGTGTACTTCTGTGCTCTGAGTTGTGTAGCAACTATCAGTTAATCTGGGGCGCTGGGACCAAGCTAATTATAAAGCCAG,TRAV9-2*01,TRAJ33*01
90,AAACAGGAGGTGACGCAGATTCCTGCAGCTCTGAGTGTCCCAGAAGGAGAAAACTTGGTTCTCAACTGCAGTTTCACTGATAGCGCTATTTACAACCTCCAGTGGTTTAGGCAGGACCCTGGGAAAGGTCTCACATCTCTGTTGCTTATTCAGTCAAGTCAGAGAGAGCAAACAAGTGGAAGACTTAATGCCTCGCTGGATAAATCATCAGGACGTAGTACTTTATACATTGCAGCTTCTCAGCCTGGTGACTCAGCCACCTACCTCTGTGCTGTATCCAGCCGGATATCGGGTTTCTGGTGGCTACAATAAGCTGATTTTTGGAGCAGGGACCAGGCTGGCTGTACACCCAT,TRAV21*01,TRAJ4*01
91,GGAGAGGATGTGGAGCAGAGTCTTTTCCTGAGTGTCCGAGAGGGAGACAGCTCCGTTATAAACTGCACTTACACAGACAGCTCCTCCACCTACTTATACTGGTATAAGCAAGAACCTGGAGCAGGTCTCCAGTTGCTGACGTATATTTTTTCAAATATGGACATGAAACAAGACCAAAGACTCACTGTTCTATTGAATAAAAAGGATAAACATCTGTCTCTGCGCATTGCAGACACCCAGACTGGGGACTCAGCTATCTACTTCTGTGCAGCCCGAGCCCGATAGCAACTATCAGTTAATCTGGGGCGCTGGGACCAAGCTAATTATAAAGCCAG,TRAV5*01,TRAJ33*01
92,CAGCAGCAGGTGAAACAAAGTCCTCAATCTTTGATAGTCCAGAAAGGAGGGATTTCAATTATAAACTGTGCTTATGAGAACACTGCGTTTGACTACTTTCCATGGTACCAACAATTCCCTGGGAAAGGCCCTGCATTATTGATAGCCATACGTCCAGATGTGAGTGAAAAGAAAGAAGGAAGATTCACAATCTCCTTCAATAAAAGTGCCAAGCAGTTCTCATTGCATATCATGGATTCCCAGCCTGGAGACTCAGCCACCTACTTCTGTGCAGCAAGCACGGGGTAGTCGGTCCGAATAACAATGCCAGACTCATGTTTGGAGATGGAACTCAGCTGGTGGTGAAGCCCA,TRAV23/DV6*01,TRAJ31*01
93,GGAGAGAGTGTGGGGCTGCATCTTCCTACCCTGAGTGTCCAGGAGGGTGACAACTCTATTATCAACTGTGCTTATTCAAACAGCGCCTCAGACTACTTCATTTGGTACAAACAAGAATCTGGAAAAGGTCCTCAATTCATTATAGACATTCGTTCAAATATGGACAAAAGGCAAGGCCAAAGAGTCACCGTTTTATTGAATAAGACAGTGAAACATCTCTCTCTGCAAATTGCAGCTACTCAACCTGGAGACTCAGCTGTCTACTTTTGTGCAGAGGGGCCTACACGGGCAGGAGAGCACTTACTTTTGGGAGTGGAACAAGACTCCAAGTGCAACCAA,TRAV13-2*02,TRAJ5*01
94,AAGGACCAAGTGTTTCAGCCTTCCACAGTGGCATCTTCAGAGGGAGCTGTGGTGGAAATCTTCTGTAATCACTCTGTGTCCAATGCTTACAACTTCTTCTGGCACCTTCACTTCCCGGGATGTGCACCAAGACTCCTTGTTAAAGGCTCAAAGCCTTCTCAGCAGGGACGATACAACATGACCTATGAACGGTTCTCTTCATCGCTGCTCATCCTCCAGGTGCGGGAGGCAGATGCTGCTGTTTACTACTGGGTGTAACGCAGGAACCTACAAATACATCTTTGGAACAGGCACCAGGCTGAAGGTTTTAGCAA,TRAV2*02,TRAJ40*01
95,GGTCAACAGCTGAATCAGAGTCCTCAATCTATGTTTATCCAGGAAGGAGAAGATGTCTCCATGAACTGCACTTCTTCAAGCATATTTAACACCTGGCTATGGTACAAGCAGGAACCTGGGGAAGGTCCTGTCCTCTTGATAGCCTTATATAAGGCTGGTGAATTGACCTCAAATGGAAGACTGACTGCTCAGTTTGGTATAACCAGAAAGGACAGCTTCCTGAATATCTCAGCATCCATACCTAGTGATGTAGGCATCTACTTCTGTGCTGGGCAATTCAGGGCGGATCTGAAAAGCTGGTCTTTGGAAAGGGAACGAAACTGACAGTAAACCCAT,TRAV35*01,TRAJ57*01
96,GCTCAGAAGGTAACTCAAGCGCAGACTGAAATTTCTGTGGTGGAGAAGGAGGATGTGACCTTGGACTGTGTGTATGAAACCCGTGATACTACTTATTACTTATTCTGGTACAAGCAACCACCAAGTGGAGAATTGGTTTTCCTTATTCGTCGGAACTCTTTTGATGAGCAAAATGAAATAAGTGGTCGGTATTCTTGGAACTTCCAGAAATCCACCAGTTCCTTCAACTTCACCATCACAGCCTCACAAGTCGTGGACTCAGCAGTATACTTCTGTGCTCTGAGTGCCGTCACGGGCAGGAGAGCACTTACTTTTGGGAGTGGAACAAGACTCCAAGTGCAACCAA,TRAV19*01,TRAJ5*01
97,CTTGCTAAGACCACCCAGCCCATCTCCATGGACTCATATGAAGGACAAGAAGTGAACATAACCTGTAGCCACAACAACATTGCTACAAATGATTATATCACGTGGTACCAACAGTTTCCCAGCCAAGGACCACGATTTATTATTCAAGGATACAAGACAAAAGTTACAAACGAAGTGGCCTCCCTGTTTATCCCTGCCGACAGAAAGTCCAGCACTCTGAGCCTGCCCCGGGTTTCCCTGAGCGACACTGCTGTGTACTACTGCCTCGTATGGGTGGAGGCTTCAAAACTATCTTTGGAGCAGGAACAAGACTATTTGTTAAAGCAA,TRAV4*01,TRAJ9*01
98,AAAAACCAAGTGGAGCAGAGTCCTCAGTCCCTGATCATCCTGGAGGGAAAGAACTGCACTCTTCAATGCAATTATACAGTGAGCCCCTTCAGCAACTTAAGGTGGTATAAGCAAGATACTGGGAGAGGTCCTGTTTCCCTGACAATCATGACTTTCAGTGAGAACACAAAGTCGAACGGAAGATATACAGCAACTCTGGATGCAGACACAAAGCAAAGCTCTCTGCACATCACAGCCTCCCAGCTCAGCGATTCAGCCTCCTACATCTGTGTGGTTCCCAAGGAAACAAACTGGTCTTTGGCGCAGGAACCATTCTGAGAGTCAAGTCCT,TRAV10*01,TRAJ47*01
99,GGAAATTCAGTGACCCAGATGGAAGGGCCAGTGACTCTCTCAGAAGAGGCCTTCCTGACTATAAACTGCACGTACACAGCCACAGGATACCCTTCCCTTTTCTGGTATGTCCAATATCCTGGAGAAGGTCTACAGCTCCTCCTGAAAGCCACGAAGGCTGATGACAAGGGAAGCAACAAAGGTTTTGAAGCCACATACCGTAAAGAAACCACTTCTTTCCACTTGGAGAAAGGCTCAGTTCAAGTGTCAGACTCAGCGGTGTACTTCTGTGCTCTAGGGCCTCCCCTAGCAGTGCTTCCAAGATAATCTTTGGATCAGGGACCAGACTCAGCATCCGGCCAA,TRAV9-2*01,TRAJ3*01
