seq_index	nt_sequence	aa_sequence	gene_choice_v	gene_choice_j
0	TGTGCCAGCACCAGGGGGGAAGCTGGAAACACCATATATTTT	CASTRGEAGNTIYF	TRBV28*01	TRBJ1-3*01
1	TGTGCCAGCAGTCGAAAGGACAGTAATACCTGGGAGACCCAGTACTTC	CASSRKDSNTWETQYF	TRBV28*01	TRBJ2-5*01
2	TGTGCCAGCAGTGGGACGGGACAGGGCAATCAGCCCCAGCATTTT	CASSGTGQGNQPQHF	TRBV7-4*01	TRBJ1-5*01
3	TGCGCCAGCGGGGACGGCCTAAGGGTTCGTCCCTCCTACGAGCAGTACTTC	CASGDGLRVRPSYEQYF	TRBV10-1*01	TRBJ2-7*01
4	TGTGCCAGCGAGCCTAAGGACACCGGGGAGCTGTTTTTT	CASEPKDTGELFF	TRBV27*01	TRBJ2-2*01
5	TGTGCCAGCAGCGTTGGACAGGGCGGTTCCTACGAGCAGTACTTC	CASSVGQGGSYEQYF	TRBV14*01	TRBJ2-7*01
6	TGTGCCAGCAGTTGCGGGACAGGAACTGAAGCTTTCTTT	CASSCGTGTEAFF	TRBV7-3*01	TRBJ1-1*01
7	TGTGCCAGCAGTGAATGGGAGACACCTTGGAGAAACCAAGAGACCCAGTACTTC	CASSEWETPWRNQETQYF	TRBV25-1*01	TRBJ2-5*01
8	TGTGCCAGCAGTTTCGCGCAAGCAGGGCTAAATCAGCCCCAGCATTTT	CASSFAQAGLNQPQHF	TRBV27*01	TRBJ1-5*01
9	TGTGCCAGCAGCTTGGCAAGCGGAGCTGGCACAGATACGCAGTATTTT	CASSLASGAGTDTQYF	TRBV5-4*01	TRBJ2-3*01
10	TGTGCCAGCAGTCACCCGGGACAGGGGTGGTACTATGGCTACACCTTC	CASSHPGQGWYYGYTF	TRBV7-3*01	TRBJ1-2*01
11	TGTGCCAGCAGTGAAGGTGGACAGAGCCAAGAGACCCAGTACTTC	CASSEGGQSQETQYF	TRBV6-1*01	TRBJ2-5*01
12	TGTGCCCATCGGGGTGACCCCTACGAGCAGTACTTC	CAHRGDPYEQYF	TRBV5-4*01	TRBJ2-7*01
13	TGTGCCAGCAGGACTAGTTGGGAGGGGCTAATTCTCGGGGAAGAGACCCAGTACTTC	CASRTSWEGLILGEETQYF	TRBV6-5*01	TRBJ2-5*01
14	TGTGCCAGCAGCCCTAGGTGGGACAGGGCTATAGCAACTAATGAAAAACTGTTTTTT	CASSPRWDRAIATNEKLFF	TRBV6-5*01	TRBJ1-4*01
15	TGTGCCAGCAGTGAAGCCCTGGCCGGAGTCCCAGGGACAGGGCGCTACATTGAAGCTTTCTTT	CASSEALAGVPGTGRYIEAFF	TRBV2*03	TRBJ1-1*01
16	TGCAGTGCTAGACGGGATAGCTCCTATAATTCACCCCTCCACTTT	CSARRDSSYNSPLHF	TRBV20-1*01	TRBJ1-6*02
17	TGTGCCAGCAGTGACCTACAGGGGGGATGTGAGCAGTTCTTC	CASSDLQGGCEQFF	TRBV25-1*01	TRBJ2-1*01
18	TGTGCCAGCAAGGAGGGGGCCCCCAGCTCCTACAATGAGCAGTTCTTC	CASKEGAPSSYNEQFF	TRBV6-2*01	TRBJ2-1*01
19	TGCGCCAGCAGTGAGTCACTCCCGTCGGGACAGGGAAAGGACACAGATACGCAGTATTTT	CASSESLPSGQGKDTDTQYF	TRBV10-1*02	TRBJ2-3*01
20	TGTGCCTGGAGTGGGGGCGGGACCCCTGAAGCTTTCTTT	CAWSGGGTPEAFF	TRBV30*02	TRBJ1-1*01
21	TGTGCCAGCGTGGATCGTGGGGCCAACGTCCTGACTTTC	CASVDRGANVLTF	TRBV7-9*04	TRBJ2-6*01
22	TGCAGTGCTAGAGATAGCGGGCCCCAGCAGTACTTC	CSARDSGPQQYF	TRBV20-1*01	TRBJ2-7*01
23	TGTGCCAGCAGCGGACAGGGAAGCTCCTACGAGCAGTACTTC	CASSGQGSSYEQYF	TRBV7-9*05	TRBJ2-7*01
24	TGTGCCACCAGACTCGACCCCAATCAGCCCCAGCATTTT	CATRLDPNQPQHF	TRBV24-1*01	TRBJ1-5*01
25	TGTGCCAGCAGCGGACAGAAAAGGGTCGGGACCGGGGAGCTGTTTTTT	CASSGQKRVGTGELFF	TRBV11-3*01	TRBJ2-2*01
26	TGTGCCAGCAGTTACCGGAAGTTGATGCAGTTCTTC	CASSYRKLMQFF	TRBV6-5*01	TRBJ2-1*01
27	TGTGCCAGCAGCCGCGGGACTAGCGAAGACGTGGAGGAGTCTGGACAACCTAGCTCCTACAATGAGCAGTTCTTC	CASSRGTSEDVEESGQPSSYNEQFF	TRBV3-1*01	TRBJ2-1*01
28	TGTGCCAGCAGCTACGGACAGGAGAGCAATCAGCCCCAGCATTTT	CASSYGQESNQPQHF	TRBV7-9*06	TRBJ1-5*01
29	TGTGCCTGGAGGTCCCACAGGGGATACGAGCAGTACTTC	CAWRSHRGYEQYF	TRBV30*01	TRBJ2-7*01
30	TGTGCCAGCGGGAGGGGCGGTAATTCTAATGAAAAACTGTTTTTT	CASGRGGNSNEKLFF	TRBV6-4*01	TRBJ1-4*01
31	TGCAGCGTTTCCTACAGGGCGGCTAATGAAAAACTGTTTTTT	CSVSYRAANEKLFF	TRBV29-1*01	TRBJ1-4*01
32	TGTGGCCCATACAGTACTAACTATGGCTACACCTTC	CGPYSTNYGYTF	TRBV14*01	TRBJ1-2*01
33	TGTGCCAGCAGTTGTAAGGGGGGGCCCGGGGAGCTGTTTTTT	CASSCKGGPGELFF	TRBV27*01	TRBJ2-2*01
34	TGTGCCACCAGTGATCTGGCCCTCCCCCGGGACCAGGGTGGATCCTACGAGCAGTACTTC	CATSDLALPRDQGGSYEQYF	TRBV24-1*01	TRBJ2-7*01
35	TGTGCCAGCAGCTTAGGGAGGGGACTGAACACTGAAGCTTTCTTT	CASSLGRGLNTEAFF	TRBV7-2*02	TRBJ1-1*01
36	TGCGCCAGCAGCGTCGGGGGGTGGCCCCTTATGAACACTGAAGCTTTCTTT	CASSVGGWPLMNTEAFF	TRBV5-1*01	TRBJ1-1*01
37	TGTGCCATCGGGGGGACAGGCCGTTCTTACGATACGCAGTATTTT	CAIGGTGRSYDTQYF	TRBV10-3*02	TRBJ2-3*01
38	TGTGCCAGCAGTTATTTGGGAAACTTAATTGGCTACACCTTC	CASSYLGNLIGYTF	TRBV6-6*01	TRBJ1-2*01
39	TGTGCCAGCAGTTATAGTGGACAGGGAACTGAAGCTTTCTTT	CASSYSGQGTEAFF	TRBV28*01	TRBJ1-1*01
40	TGTGCCAGCAGGGCGACTAGCGGTATTAGCTCCTACGAGCAGTACTTC	CASRATSGISSYEQYF	TRBV6-6*01	TRBJ2-7*01
41	TGTGCCAGCAGCATGGCCCGAATTGAAAAACTGTTTTTT	CASSMARIEKLFF	TRBV7-4*01	TRBJ1-4*01
42	TGTGCCAGCAGCCCCCAAAGCTCGGGACAGGGACAGAGCAATCAGCCCCAGCATTTT	CASSPQSSGQGQSNQPQHF	TRBV11-2*03	TRBJ1-5*01
43	TGCGCCAGCTTCTACACTAGCGGGGATCGCAGCGCCACAGATACGCAGTATTTT	CASFYTSGDRSATDTQYF	TRBV10-1*01	TRBJ2-3*01
44	TGTGCCAGCAGCCAAGATCCGCTAGCCGGTACGCAGTATTTT	CASSQDPLAGTQYF	TRBV14*01	TRBJ2-3*01
45	TGTGCCAGCAGCCTTCCGGGACAGGGGCCGGAAATCTCCTACGAGCAGTACTTC	CASSLPGQGPEISYEQYF	TRBV9*01	TRBJ2-7*01
46	TGTGCCAGCATCCAGAATAGAGCCCTAGCTCGTTTCAATGAGCAGTTCTTC	CASIQNRALARFNEQFF	TRBV27*01	TRBJ2-1*01
47	TGTGCTAGTGGTTTTCGGGGGGGGCGGGAGCAGTACTTC	CASGFRGGREQYF	TRBV12-5*01	TRBJ2-7*01
48	TGTGCCATCAGCAGGGGTGGACTCTTCTACGAGCAGTACTTC	CAISRGGLFYEQYF	TRBV10-3*01	TRBJ2-7*01
49	TGTGCCAGCAGTGGACTTTCCTACGAGCAGTACTTC	CASSGLSYEQYF	TRBV27*01	TRBJ2-7*01
50	TGCGCCAGCAGCCAAGAGCCGACAGGGGGTCACAATCAGCCCCAGCATTTT	CASSQEPTGGHNQPQHF	TRBV4-1*01	TRBJ1-5*01
51	TGTGCCAGCTCACCAGGGGACAGCAATGAGCAGTTCTTC	CASSPGDSNEQFF	TRBV18*01	TRBJ2-1*01
52	TGTGCCACCAGTGTTGCAGCCAACACTGAAGCTTTCTTT	CATSVAANTEAFF	TRBV24-1*01	TRBJ1-1*01
53	TGTGCCAGCAGTGAATTGAACGACAGGGAATTACCGCGGGAGAACACTGAAGCTTTCTTT	CASSELNDRELPRENTEAFF	TRBV6-4*01	TRBJ1-1*01
54	TGCGCCAGCAGCCTTCCCGGGGGGGTAAGAGGAGTCACTGAAGCTTTCTTT	CASSLPGGVRGVTEAFF	TRBV5-1*01	TRBJ1-1*01
55	TGTGCCAGCAGTTTTAAGGACAGGGTTTTCTACAATGAGCAGTTCTTC	CASSFKDRVFYNEQFF	TRBV28*01	TRBJ2-1*01
56	TGTGCCAGCAGCTCATGGGGAGGGTTAGGCTACACCTTC	CASSSWGGLGYTF	TRBV13*01	TRBJ1-2*01
57	TGTGCTAGTGGTCCGGGGGGACAGGGGCCCAATCAGCCCCAGCATTTT	CASGPGGQGPNQPQHF	TRBV12-5*01	TRBJ1-5*01
58	TGTGCTAGTTGGGGGGTTCCCAAAGAGACCCAGTACTTC	CASWGVPKETQYF	TRBV12-5*01	TRBJ2-5*01
59	TGTGCCAGCAGACCCAACCGAGGGTTTGAGACCCAGTACTTC	CASRPNRGFETQYF	TRBV6-5*01	TRBJ2-5*01
60	TGTGCCAGCACCTGGACCCCTCCCTACGAGCAGTACTTC	CASTWTPPYEQYF	TRBV27*01	TRBJ2-7*01
61	TGTGCCAGCAGCAAAGGACAGGGGGGTTCTGAAGCTTTCTTT	CASSKGQGGSEAFF	TRBV13*01	TRBJ1-1*01
62	TGTGCCACCAGCAGAACCCCAGGGACTGAAGCTTTCTTT	CATSRTPGTEAFF	TRBV15*02	TRBJ1-1*01
63	TGCGCCAGCAGCCAAGATCGTTTCCCCGGGACAGGGCCGGGGGGCAATCAGCCCCAGCATTTT	CASSQDRFPGTGPGGNQPQHF	TRBV4-1*01	TRBJ1-5*01
64	TGTGCCAGCAGCCCGGGGCAAAACGTGAACACCGGGGAGCTGTTTTTT	CASSPGQNVNTGELFF	TRBV3-1*02	TRBJ2-2*01
65	TGTGCCAGCAGCGTGACAGGCCAAGCTTTCTTT	CASSVTGQAFF	TRBV7-9*01	TRBJ1-1*01
66	TGTGCCAGCAGCGGTTTCACACGTTACGAGCAGTACTTC	CASSGFTRYEQYF	TRBV13*01	TRBJ2-7*01
67	TGTGCCAGCAGCTCCACAGTCTGCAATCAGCCCCAGCATTTT	CASSSTVCNQPQHF	TRBV7-2*01	TRBJ1-5*01
68	TGTGCCATCAGTGAAGACAGGGGGCTTACGAACACCGGGGAGCTGTTTTTT	CAISEDRGLTNTGELFF	TRBV10-3*02	TRBJ2-2*01
69	TGTGCCAGCAGCGAGTTCAGAACTTACGAGCAGTACTTC	CASSEFRTYEQYF	TRBV11-2*01	TRBJ2-7*01
70	TGTGCCAGCCGGGACAGGGGGGGGGCCGGGGAGCTGTTTTTT	CASRDRGGAGELFF	TRBV19*01	TRBJ2-2*01
71	TGTGCCAGCAGTTACTCGATGTGGGGCCAGGGCAACAGGGCGGATCTCCTGAACGAGCAGTACTTC	CASSYSMWGQGNRADLLNEQYF	TRBV6-5*01	TRBJ2-7*01
72	TGTGCCAGCAGCAAACAGGGACGACAACCCCTCCACTTT	CASSKQGRQPLHF	TRBV9*01	TRBJ1-6*02
73	TGTGCCACCAGTGAGATCTACGAGCAGTACTTC	CATSEIYEQYF	TRBV24-1*01	TRBJ2-7*01
74	TGCGCCTTCTGGACAGTAGAGCAGTACTTC	CAFWTVEQYF	TRBV10-1*01	TRBJ2-7*01
75	TGCAGCGTTGAAGTCCTGTACAGGGACGAGCAGTACTTC	CSVEVLYRDEQYF	TRBV29-1*02	TRBJ2-7*01
76	TGTGCTAGCAGCTTAAGGGGTATATCCAAACAGTACTTC	CASSLRGISKQYF	TRBV7-7*03	TRBJ2-5*01
77	TGCGCCAGCAGTGAAGGGTTAAAGAGCGGCCACAATGAGCAGTTCTTC	CASSEGLKSGHNEQFF	TRBV10-1*01	TRBJ2-1*01
78	TGTGCCAGTACCGATCCCTATAGGTCACCCCTCCACTTT	CASTDPYRSPLHF	TRBV19*01	TRBJ1-6*02
79	TGTGCCAGCAGCTTCCAGGGGCCGTTCATGAACACTGAAGCTTTCTTT	CASSFQGPFMNTEAFF	TRBV11-2*01	TRBJ1-1*01
80	TGTGCCAGCAGTGACACCTGTCCGGGAAATAGTCCCGGATCCTACGAGCAGTACTTC	CASSDTCPGNSPGSYEQYF	TRBV6-4*01	TRBJ2-7*01
81	TGTGCCAGCAGACCAGGGCCAATTGTGGCCCCCACCTACGAGCAGTACTTC	CASRPGPIVAPTYEQYF	TRBV6-8*01	TRBJ2-7*01
82	TGTGCCACCTTGACAGGGGACGAACCTGGAAACACCATATATTTT	CATLTGDEPGNTIYF	TRBV24-1*01	TRBJ1-3*01
83	TGCGCCAGCGCAGGTCCACTAGCGGGCTCCGCGAACACCGGGGAGCTGTTTTTT	CASAGPLAGSANTGELFF	TRBV5-1*01	TRBJ2-2*01
84	TGCAGTGCTTGTCCCACCCTCGGCTCGAACAGGGCTAATGAGCAGTTCTTC	CSACPTLGSNRANEQFF	TRBV20-1*01	TRBJ2-1*01
85	TGTGCCAGCAGCCAAGAGGATGTTCAGCCCCAGCATTTT	CASSQEDVQPQHF	TRBV14*01	TRBJ1-5*01
86	TGTGCCAGCAGTGACTCGATCGGACAGGGCTACGAGCAGTACTTC	CASSDSIGQGYEQYF	TRBV2*03	TRBJ2-7*01
87	TGTGCCAGCAGCTTGAGGGGGGGCTCCTCCTACGAGCAGTACTTC	CASSLRGGSSYEQYF	TRBV5-4*02	TRBJ2-7*01
88	TGTGCCAAGAACCTACAGGAGGAGACCCAGTACTTC	CAKNLQEETQYF	TRBV19*01	TRBJ2-5*01
89	TGTGCCAGCAGCTTTGACAGGAACACAGATACGCAGTATTTT	CASSFDRNTDTQYF	TRBV7-9*05	TRBJ2-3*01
90	TGTGCCAACGCCCAGTCAAACGAGCAGTACTTC	CANAQSNEQYF	TRBV6-1*01	TRBJ2-7*01
91	TGCAGCGTTGAATGGGGGGGGAACGGCTACGAGCAGTACTTC	CSVEWGGNGYEQYF	TRBV29-1*01	TRBJ2-7*01
92	TGTGCCAGCAGTGACTGGGTCAGCCACGAGGGCTACACCTTC	CASSDWVSHEGYTF	TRBV6-4*01	TRBJ1-2*01
93	TGTGCCAGCACTTGGGGGCCCCTGGTAGAGCAGTACTTC	CASTWGPLVEQYF	TRBV6-1*01	TRBJ2-7*01
94	TGCGCCAGCAGCTTGGGAAGTCAGAAGAAAGAGACCCAGTACTTC	CASSLGSQKKETQYF	TRBV5-1*01	TRBJ2-5*01
95	TGTGCCAGCAGTCCTCAGCGGGAGGACGGGGGGGATAGTAGTTACACTGAAGCTTTCTTT	CASSPQREDGGDSSYTEAFF	TRBV28*01	TRBJ1-1*01
96	TGCGCCAGCAGCTTGGGTGGCGGGTTAGGGACTGGGGGGATTAGATACACAGATACGCAGTATTTT	CASSLGGGLGTGGIRYTDTQYF	TRBV5-1*01	TRBJ2-3*01
97	TGTGCCAGCAGCTCCTTTACCCTCCCCCGGGACATCGAACTGATACGGGTTGGGACACATAGCAATCAGCCCCAGCATTTT	CASSSFTLPRDIELIRVGTHSNQPQHF	TRBV5-4*02	TRBJ1-5*01
98	TGTGCCAGCAGCGGGCCCGTAAGCCCCACCACTGAAGCTTTCTTT	CASSGPVSPTTEAFF	TRBV7-4*01	TRBJ1-1*01
99	TGTGCCAGCAAGCCAGACAGGGGGCTTTTGAGCAATCAGCCCCAGCATTTT	CASKPDRGLLSNQPQHF	TRBV27*01	TRBJ1-5*01
